#{"t_start": 1650870550.3950574, "env_id": "NewRandomGoalAnt-v2"}
r,l,t
-79.463752,68,0.90363
-25.858208,26,0.968659
-107.553317,74,1.149999
-16.032325,14,1.184573
-176.485118,225,1.742074
-42.243592,36,1.831321
-184.518813,118,2.124879
-82.061465,121,2.42773
-1022.483367,1000,4.933311
-88.789815,69,5.10518
-144.784932,84,5.314938
-105.723755,114,5.602341
-25.102059,34,5.689505
-125.102103,129,22.076508
-13.577231,12,22.108106
-41.446036,84,22.321063
-99.765012,63,22.480076
-1092.890397,1000,24.984332
-14.409613,10,25.009669
-1111.856333,1000,43.227374
-59.925635,53,43.363753
-89.562602,124,43.676356
-31.20598,32,43.759474
-20.66349,24,43.819494
-28.110103,39,43.91846
-32.331674,29,43.992533
-218.979094,196,44.483161
-201.854485,224,45.04593
-46.016811,70,45.221881
-55.655817,50,45.34897
-110.166387,115,45.63778
-16.8677,15,45.676002
-64.432343,49,45.800097
-40.972943,43,45.90802
-56.579332,45,46.02154
-38.505374,22,46.076915
-64.283345,57,46.221416
-15.926623,47,46.339321
-138.897711,134,46.675829
22.229049,62,46.832676
-6.994784,10,46.858117
-27.147927,26,46.924324
-25.083759,42,47.030806
-51.701136,32,47.111804
-75.042404,78,47.308159
-47.78438,46,47.423577
-13.563356,30,47.499591
-967.231363,1000,65.741953
-8.282315,10,65.768574
-164.541142,178,66.213358
-36.982767,26,66.278134
-82.482384,76,66.468057
-142.458988,167,66.886374
-42.975084,66,67.051598
-219.639125,204,67.560066
-93.754501,61,67.713652
-58.286176,72,67.890941
-38.28559,46,68.005882
-8.870657,18,68.050766
-101.074634,96,68.291898
-159.693995,124,68.601429
-196.200917,125,84.591654
-74.605539,107,84.862515
-16.952038,13,84.895609
-15.260384,12,84.92602
-51.405344,35,85.015062
-115.255106,114,85.3014
-30.269259,53,85.436113
-31.737922,36,85.527891
-24.508535,54,85.665972
-85.792676,94,85.905137
-63.425305,85,86.117906
-14.344219,21,86.170847
-84.283054,53,86.304842
-23.81931,23,86.362741
-1022.106415,1000,88.890355
-43.825724,56,89.030945
-45.940632,46,89.145425
-37.817614,29,89.218432
-101.777567,67,89.385303
-12.339634,41,89.487661
-102.489107,73,105.368335
-16.098675,34,105.454252
-36.285402,46,105.569018
-97.170337,100,105.818759
-987.004941,1000,108.349602
-5.321133,37,108.442682
-54.184219,68,108.61514
-16.285201,61,108.77032
-28.987196,24,108.831143
-6.70998,11,108.859452
-46.011622,28,108.930488
-71.497789,77,109.123381
-118.270959,82,109.329033
-6.391922,48,109.449091
-48.332463,30,109.524169
-66.680081,57,109.666787
-60.28663,42,109.770365
-143.515098,91,109.994636
-65.52307,70,110.16857
-37.089091,100,110.419064
-149.629094,90,126.329691
-69.596056,57,126.470811
-45.981853,41,126.573521
-79.822761,117,128.674503
-117.210375,125,128.986472
-914.906519,1000,131.506294
-7.021239,33,131.588785
-16.605368,19,131.636957
-22.439653,26,131.702725
-22.051287,29,131.775959
-25.664583,20,131.826485
-176.289152,116,132.115226
-939.004868,1000,150.295236
-17.707895,21,150.348068
-49.643729,53,150.480074
-23.050921,34,150.566489
-58.904323,40,150.667967
-461.865506,381,151.624864
-1009.949244,1000,169.83448
-31.654184,24,169.896108
-20.098859,20,169.946526
-259.275012,264,170.606799
-39.117378,22,170.660688
-111.000596,143,171.016691
-106.832752,84,171.226291
-112.430983,98,171.472032
-941.7592,1000,174.010049
20.186625,33,174.092859
-939.124784,1000,192.435833
-921.741202,1000,194.940636
-20.857749,19,194.98917
-90.384564,55,195.12631
-79.695692,56,195.264456
-215.681499,154,195.64481
-17.81142,10,195.669926
-98.987495,124,212.196099
-148.817899,157,212.590389
-6.992157,38,212.686354
-110.206209,131,213.015823
-8.380751,18,213.060837
-7.572826,29,213.133751
-46.987451,31,213.2119
-906.73503,1000,215.720266
-13.14884,20,215.770966
-31.549148,21,215.82394
-905.041689,1000,234.356492
-37.40402,30,234.43243
-130.236564,130,234.75871
-144.139623,159,235.158876
-40.169746,45,235.271859
-869.511958,1000,237.779185
-88.556973,77,237.973453
-93.240034,81,238.176894
-887.707084,1000,281.582788
-53.631552,74,281.768309
-29.149803,58,281.912658
-42.188913,71,282.089231
-928.221613,1000,300.533483
-50.525705,104,300.792389
-46.155757,52,300.922727
-18.982798,33,301.005333
-35.415579,53,301.136767
-136.008015,138,301.480193
-50.546646,52,301.60879
-166.15738,171,302.029116
-50.29299,31,302.106284
-50.756343,50,302.230144
-11.301864,13,302.262835
-75.524861,72,302.442103
-17.970536,12,302.472306
-863.120003,1000,304.980561
-48.765551,47,305.097887
-20.209345,14,305.13268
-110.798366,105,321.252263
-56.689793,52,321.382613
-857.639308,1000,323.882439
-34.583719,24,323.942026
-768.252277,1000,342.268875
-42.004417,88,342.488412
-152.061981,245,343.105219
-44.116508,49,343.229494
-47.479413,48,343.350204
-5.937281,11,343.37826
-127.920953,154,343.762428
-42.797503,37,343.854336
-39.849644,76,344.044632
-13.706773,13,344.076944
-168.568636,181,344.526933
-134.051152,170,344.952478
-63.522959,95,345.190648
-18.513583,46,345.304992
-92.440141,74,345.488565
-104.11562,64,345.646235
-40.204673,23,345.703219
-36.720045,67,345.869297
-141.924165,100,346.118176
-127.314683,112,346.39901
-19.424657,106,346.664496
-43.494723,74,346.850674
-89.345278,102,347.104137
-179.11208,213,363.475144
-59.017027,56,363.613587
-292.422747,231,364.187855
-830.635224,1000,366.695841
-72.76958,123,367.001317
-12.381826,90,367.224949
-85.561364,54,367.35865
-180.094641,156,367.744034
-30.378088,42,367.8485
-175.606409,242,384.171191
-226.024488,186,384.632588
-855.224532,1000,387.120443
-104.793103,99,387.366995
-159.453381,155,387.753173
-791.190355,1000,405.984351
-0.960141,45,406.095547
-95.857929,63,406.251108
-68.064959,70,408.068242
-21.335601,61,408.219567
-100.138228,72,408.398587
-41.635389,47,408.514836
-6.536606,11,408.542183
-20.67372,27,408.608929
-61.701839,68,408.776161
-12.85771,27,408.843637
-141.044285,108,409.112497
-823.193394,1000,427.582723
-52.08761,42,427.695729
-98.548175,174,428.131954
-53.052026,86,428.343772
-62.14261,85,428.55308
-96.762991,95,428.787083
-2.252952,25,428.848939
-82.920764,103,429.102138
-320.776969,365,430.013186
-56.186346,47,430.131661
-120.976956,110,430.408466
-68.493492,82,430.614489
-87.692007,64,430.775897
-167.820739,272,431.45759
-213.674614,257,432.097842
-746.406221,1000,450.454895
-110.173432,139,450.796476
-14.109483,45,450.908271
-189.592904,244,451.513327
-150.018086,148,451.884246
-33.90775,75,452.069681
-79.21137,58,452.213313
-5.825222,10,452.238809
-39.997638,35,452.325381
-47.917699,106,452.586335
-60.524172,119,452.881718
6.737489,22,452.936852
-145.945914,224,453.491823
-27.161075,32,453.57132
-17.942873,49,470.043403
-732.393337,1000,472.563224
-11.693727,15,472.601317
-172.577953,209,473.118301
-42.447673,38,473.21266
-10.245833,27,473.280272
-115.007128,117,473.571904
-18.175834,19,473.6191
-36.705554,49,473.741807
-14.831056,42,473.847654
-27.918023,54,473.982641
-761.440061,1000,492.322221
-55.390487,54,492.456998
-66.614144,65,492.619274
-70.964227,174,493.052639
-36.059126,28,493.122076
-148.322896,118,493.418747
-22.00603,23,493.476497
-37.752104,102,493.731238
9.079351,29,493.803903
-13.712333,10,493.829766
-10.907574,20,493.879874
-67.582376,101,494.131722
-70.770898,78,494.32639
-17.002574,16,494.366474
-65.949569,111,494.641976
-61.784457,146,495.004517
-58.51607,103,495.262481
-17.912992,79,495.458407
-47.868562,48,495.577494
-18.143644,38,495.671452
5.399574,45,495.78332
-38.426665,28,495.85293
-6.915688,26,495.91742
-13.382016,20,495.96723
-704.429501,1000,514.288527
-0.893541,29,514.361538
-24.41894,62,514.515011
-185.46542,211,515.035962
-11.702796,32,515.114834
-71.746069,138,515.456905
-86.335178,63,515.613426
-204.367121,270,516.278515
-122.508187,182,516.725888
6.84448,99,532.787642
-109.573359,78,532.981941
-696.532303,1000,559.603158
-9.389321,34,559.687694
-6.930269,14,559.722135
3.201417,77,559.911261
2.414922,17,559.954015
-19.444685,68,560.121761
-692.647989,1000,578.498565
-19.652181,42,578.603409
-114.658785,137,578.944854
-86.326168,108,579.214708
-16.962167,34,579.297755
-11.849937,25,579.359668
-180.569545,170,579.776544
-56.655924,159,580.167634
-22.173811,80,580.366327
-11.184492,9,580.390189
-21.878866,34,580.473695
0.181915,14,580.5087
-38.555376,41,580.610449
-13.465017,33,580.69238
-33.644634,24,580.752007
-53.902535,67,580.917724
-25.339584,14,580.952572
-52.5261,31,581.029376
-683.599287,1000,599.276333
-186.593384,370,600.19363
-58.260857,47,600.312044
-22.326788,39,600.408566
-9.968898,82,600.612465
-63.372552,85,600.824591
-107.307498,172,601.253594
-630.338207,1000,603.750229
-75.731316,68,619.781825
-27.878857,21,619.835532
-86.91295,84,620.041025
-54.743688,133,620.366816
-13.577344,38,620.460567
-13.793811,27,620.52682
-88.503479,154,620.904455
-665.73209,1000,623.372528
-4.153218,29,623.446051
-53.588037,43,623.551879
-2.203384,25,623.61395
-52.280785,68,623.782654
-63.660148,61,623.934694
-23.558852,33,624.016122
-33.229719,57,624.157193
-16.704623,63,624.313167
-4.990131,47,624.430816
-74.393079,61,624.582961
-28.400244,27,624.65017
-32.131306,60,640.683612
-40.807026,30,640.758044
-37.438574,51,640.883597
-45.337753,137,641.226107
-620.588894,1000,643.70695
-63.181265,71,643.882332
-589.419332,1000,662.113437
-144.254774,182,662.565187
-211.369208,191,663.036826
-76.491466,152,663.410806
-79.687916,108,663.676672
-628.627721,1000,666.1599
-15.234386,18,666.205396
-67.768741,184,682.446601
-73.473448,116,682.736386
-51.897305,235,683.31987
-37.403024,82,683.524223
-135.681878,202,684.02255
-151.548211,169,684.441573
-18.96283,70,684.614613
-46.369195,100,684.86325
-14.589516,51,686.606886
-0.886464,21,686.659229
-20.389314,31,686.736946
-77.392983,127,687.051313
-48.498919,68,687.219193
-132.668953,242,687.817846
-52.507926,214,688.34301
-34.044385,98,688.583719
11.007837,82,688.786723
-41.93995,39,688.88413
-140.216466,297,705.374016
-175.938825,343,706.714179
-40.745493,68,707.523757
-251.552155,314,708.298428
-4.244227,80,708.495845
-156.870343,114,708.776994
-31.395668,55,708.913078
0.947038,11,708.940638
-46.987503,61,709.09209
-64.442087,115,709.376233
-9.687757,42,709.481115
-42.143263,167,709.896784
-22.573301,34,709.981552
-278.410858,269,710.648285
-20.748359,16,710.688441
-40.946593,60,710.837925
-55.741321,84,726.889107
-27.691341,64,727.049901
-548.347475,1000,729.548312
-102.992542,122,729.852153
-22.363797,58,729.99653
-39.857501,80,730.194347
-112.738538,129,730.514074
-79.826426,161,730.908997
-21.810174,33,730.989301
-123.831498,273,731.659423
-105.63629,154,747.71948
-118.058236,105,747.980815
-375.724198,445,749.080674
-5.110338,20,749.130749
-11.612413,26,749.195329
-104.702333,92,749.424543
-490.855601,1000,751.906501
-15.014529,58,752.050695
9.660843,59,752.196884
-27.910332,114,752.480899
29.501729,87,768.373374
-4.486738,25,768.436582
-124.392478,149,768.805658
-39.222445,63,768.962658
-80.642248,83,769.169582
-53.804007,51,769.296402
-26.293334,56,769.435839
-515.694149,1000,771.933369
-89.969651,130,772.256512
-99.280195,169,772.675735
-68.524436,211,773.19978
-289.468939,347,789.819265
-28.055999,55,789.954761
-6.122234,28,790.023704
-31.292637,54,790.15714
-57.384791,135,790.489326
-173.096547,345,791.335007
-83.357382,130,791.656283
-89.867731,120,791.952216
-12.388291,114,792.231968
-32.350525,150,792.601296
-216.333574,148,792.962729
-25.722133,35,793.048741
15.303016,20,793.098069
-111.003985,170,793.517737
-31.560719,43,793.624013
-96.483722,179,794.065012
0.26377,54,794.199306
-50.847302,56,810.040679
-13.766523,32,810.120512
-62.538689,67,810.286731
-425.791296,1000,812.789205
-39.609727,78,812.985209
0.856557,14,813.020383
-44.087173,43,836.836125
-50.955365,93,837.068567
-24.716614,36,837.158419
-71.629197,122,837.460035
-225.804616,321,838.249523
-37.47172,29,838.321314
17.795381,33,838.403216
15.831622,29,838.475399
-22.523758,38,838.568747
-125.204803,145,854.724433
33.337808,145,855.081552
-57.658656,75,855.266545
-27.370645,46,855.381187
1.506148,20,855.431424
-68.491539,84,855.638257
-51.940121,155,856.024478
-7.283054,15,856.061954
-30.020618,80,856.260538
-5.926643,45,856.372813
-42.699091,130,856.698033
-484.842652,1000,859.180828
-32.204304,25,859.242927
-101.097774,235,875.577301
-4.206217,31,875.652909
-91.517531,362,876.536032
-432.058057,1000,879.003029
19.078479,51,879.129934
0.100819,12,879.15972
-13.314949,25,879.221357
-48.531836,86,879.433075
-76.708834,238,880.019713
-58.220998,78,880.209859
-60.567382,199,896.439703
7.918216,103,896.6907
-35.007248,43,896.797209
-399.691219,1000,899.258517
-396.599255,1000,917.586524
-473.497422,1000,920.093552
-7.58378,118,920.385724
3.826978,36,920.475226
-34.567726,109,920.745392
-30.245447,76,920.933151
-69.940919,236,921.514901
-9.730976,50,921.638915
11.174766,170,922.060598
-8.13893,18,922.105832
-93.743433,190,938.332585
7.039919,37,938.424341
-16.597063,49,938.546673
-34.471118,102,938.80005
-0.307933,147,939.166751
-101.42869,159,939.564559
-94.2848,331,940.38438
8.010853,17,940.426132
-44.448442,146,940.786225
20.265398,70,940.959415
-283.3976,384,941.908114
-124.900931,133,942.236667
-99.840364,230,942.801958
15.292573,381,961.190063
-67.445803,86,961.403608
-23.964765,94,961.637389
-36.688009,67,961.803378
-190.714877,331,962.618571
-27.350267,42,962.72491
44.81121,158,963.119438
-26.03683,84,963.330897
-66.299054,132,963.660998
-412.738073,1000,983.598435
-36.947486,155,983.984051
-22.70881,54,984.118135
-17.861783,28,984.188344
-59.500756,94,984.42449
-102.382961,122,984.727298
-6.499658,17,984.769969
3.204176,103,985.025212
-24.959054,24,985.084836
-155.382505,335,985.911111
-258.000392,1000,1004.16452
18.380693,151,1004.539755
-8.054882,32,1004.619659
-19.57296,59,1004.766829
-24.303232,49,1004.888244
3.257215,119,1005.184473
8.274781,11,1005.21175
-148.063285,222,1005.761129
-33.176973,25,1005.823852
-257.6476,1000,1008.324855
-102.63896,252,1024.897017
-45.403632,178,1025.336547
-73.797618,272,1026.004932
-303.214988,1000,1028.481363
-12.046697,104,1028.738634
-21.083315,88,1028.957188
26.068651,22,1029.011848
-292.078398,1000,1047.232779
-23.712127,73,1047.415463
-13.057496,29,1047.486573
-5.962516,62,1047.639568
-22.693059,26,1047.703252
-194.753305,585,1049.134761
-280.843858,1000,1067.45488
-5.950861,152,1067.833889
-23.882995,103,1068.091868
-41.129299,99,1068.339709
47.782066,309,1069.111215
-48.155874,68,1069.280697
-59.618204,148,1069.646899
-29.77331,247,1070.258038
-39.531484,78,1070.450777
-19.854577,62,1070.6044
15.751906,97,1070.843526
-103.657082,406,1087.65992
-70.483578,136,1087.993396
-179.842164,311,1088.765459
2.31751,66,1088.930423
-42.432566,79,1089.128489
-92.41568,77,1089.320529
-57.217178,143,1089.678083
-21.30707,133,1090.009233
7.903787,53,1090.140335
-28.869665,53,1090.272336
-8.811271,133,1090.600618
-12.466966,143,1090.956274
-8.615607,22,1091.011445
29.08097,500,1115.719674
1.654445,239,1132.095406
-11.677587,21,1132.146764
-119.957222,363,1133.029593
-222.486204,1000,1135.486497
-27.924878,332,1136.299483
-5.340804,223,1152.658281
-217.205134,1000,1155.116646
-230.148956,1000,1157.582393
-19.630256,163,1173.803534
-135.360018,632,1175.372386
9.991962,213,1175.898751
-8.07563,20,1175.948741
-45.829588,94,1176.180331
3.887078,32,1176.259186
-24.040646,34,1176.342538
27.70069,215,1176.872497
4.730638,37,1176.963204
-24.051003,113,1177.240793
-55.245287,184,1177.68988
13.700206,80,1177.887012
-62.571677,335,1194.498689
11.547025,51,1194.625397
-100.327269,800,1196.599664
-7.42021,34,1196.683261
-24.417108,93,1196.910342
-320.088366,1000,1199.383518
-10.401057,57,1216.815462
-5.408107,39,1216.913069
-89.21539,315,1217.695977
23.521866,515,1218.968323
-24.85221,1000,1221.447817
-102.734687,411,1238.439928
-188.838287,1000,1240.907759
-50.239464,455,1242.020293
41.385883,115,1242.301191
-3.87702,302,1260.489657
-4.250937,20,1260.540007
5.59942,105,1260.798778
-160.921309,1000,1263.265905
17.304368,91,1263.488713
14.269933,415,1264.508293
-11.351462,29,1264.579606
-11.485757,64,1264.735793
1.301546,14,1264.770296
-242.390261,1000,1282.88206
3.838805,29,1282.954382
9.549826,136,1283.291399
-11.09633,425,1284.347483
-7.671679,114,1284.631166
30.413814,1000,1302.844081
57.292551,184,1303.295647
-4.719401,22,1303.351228
0.93832,412,1304.367649
-43.09647,150,1304.736239
-172.358385,332,1305.553225
-21.181917,24,1305.612658
-15.218024,49,1305.733587
20.314142,37,1305.825366
14.533386,678,1323.133399
55.106018,192,1323.613546
25.880823,34,1323.698329
-34.196511,220,1324.244278
12.630157,436,1325.330689
-37.195377,215,1325.862674
-3.024113,242,1326.455434
-34.360953,229,1327.015114
73.563064,266,1343.345031
3.172141,27,1343.411504
-14.146662,168,1343.826687
-84.969533,219,1344.36757
54.930201,1000,1346.818286
115.022507,188,1347.277952
-80.974146,411,1364.669032
3.916839,301,1365.406799
55.307543,73,1365.585178
14.74149,173,1366.009827
-108.3595,482,1367.199339
37.183188,275,1367.882136
-48.113161,1000,1410.155833
-79.397697,440,1411.24166
106.505687,1000,1413.704642
24.057801,121,1414.000417
38.012016,70,1414.172722
-61.739083,186,1430.718307
10.64103,115,1431.000769
57.166736,348,1431.858543
-40.215668,349,1432.718858
-184.147865,873,1434.854759
1.395328,442,1452.003275
83.012038,215,1452.530578
68.807038,598,1453.998213
53.617717,333,1454.817397
25.361636,97,1455.055432
45.091012,304,1455.808093
99.885463,388,1472.489591
9.239022,23,1472.547012
19.283861,29,1472.618588
53.638388,158,1473.008433
4.359627,20,1473.058853
6.639351,22,1473.113131
219.074687,720,1474.886221
-76.606807,226,1475.439975
-115.425611,1000,1493.617748
150.620884,261,1494.25719
13.20556,28,1494.325975
131.832457,479,1495.509524
55.487205,691,1497.207691
15.652893,41,1497.308859
197.133609,1000,1515.670878
200.809749,905,1517.900403
19.841461,152,1518.276462
178.588947,1000,1538.231916
165.434628,1000,1540.689905
63.560665,158,1541.079939
-2.770889,28,1541.149914
67.068016,472,1558.016579
90.874512,396,1558.993284
-11.715429,813,1561.009088
268.293602,538,1562.33963
-52.019627,367,1579.074223
78.408901,1000,1581.531616
161.300779,636,1583.094989
141.408187,341,1599.640358
184.228677,1000,1602.091067
-9.069837,401,1603.082725
123.638261,260,1603.723764
76.83397,598,1620.943214
74.60888,319,1621.726767
11.721497,115,1622.009069
43.427768,271,1622.675908
353.841042,1000,1640.812283
3.622866,26,1640.876844
178.582488,633,1642.429653
148.451284,1000,1644.906778
-35.924649,113,1645.185884
156.988439,1000,1686.479173
426.247139,883,1688.641565
408.962954,1000,1707.18294
318.834042,1000,1709.640848
187.010141,1000,1727.911503
137.388728,1000,1730.383063
116.174646,596,1747.560956
146.392579,1000,1750.0279
146.567047,383,1750.969104
229.613484,1000,1769.219847
324.548239,1000,1771.676928
85.466341,111,1771.950096
262.531648,1000,1790.144353
26.31913,114,1790.424939
133.566916,1000,1792.888211
-0.399634,15,1792.925653
-15.526685,25,1792.987495
148.550554,737,1810.497177
275.539678,320,1812.909995
250.93774,1000,1815.379408
628.625859,1000,1833.618023
172.033831,1000,1836.106374
591.355357,1000,1854.244469
645.481931,1000,1856.713284
71.506093,225,1857.273851
323.183147,623,1874.588054
102.403294,243,1875.188065
11.090507,184,1875.642354
248.350554,1000,1878.10062
598.868379,1000,1896.21006
62.094429,316,1896.995192
212.514349,469,1898.156263
554.980281,649,1915.280601
854.412378,1000,1917.739614
205.566349,1000,1935.990494
871.736418,1000,1963.275241
688.976032,1000,1981.775884
168.448336,456,1982.903446
171.578036,658,1984.519317
293.090757,1000,2002.818101
324.664866,610,2004.319849
524.051032,1000,2006.773589
419.179169,617,2024.052646
87.32866,99,2024.295554
872.093756,1000,2026.748911
109.501811,98,2026.990446
660.58951,1000,2045.191837
807.881904,1000,2047.657288
266.623596,766,2065.269965
906.598304,832,2067.332608
185.474134,971,2071.082131
356.836894,1000,2089.295405
29.023943,123,2089.598897
1108.105556,890,2093.418423
692.673537,1000,2111.671535
122.302838,448,2112.780342
1026.977782,1000,2131.010837
826.97665,1000,2133.481267
925.882799,1000,2151.648691
869.729253,1000,2154.113557
308.228076,346,2154.968291
747.002928,1000,2173.20684
614.048,1000,2175.679963
24.270916,32,2175.760348
937.341292,1000,2194.076344
906.436829,1000,2196.54694
84.910052,69,2196.717567
55.8272,770,2214.404945
946.889244,1000,2240.941582
474.056498,1000,2259.664436
711.807455,1000,2262.129425
780.549979,774,2279.886231
1258.45048,1000,2282.347595
447.849986,1000,2300.836971
528.743157,1000,2303.30631
886.912455,1000,2305.776854
1174.055841,1000,2324.207673
1151.760049,1000,2326.680943
478.539882,814,2344.888231
721.346739,1000,2347.372809
1038.910405,1000,2365.632087
1308.26521,1000,2369.735412
772.430704,1000,2388.164351
672.17215,859,2390.296534
1133.15281,1000,2408.473557
168.486606,261,2409.119549
608.192427,1000,2411.590816
928.764566,1000,2430.076133
914.811286,1000,2432.548902
657.236534,1000,2450.941439
953.483106,1000,2453.426536
576.71835,309,2454.193274
1481.774814,1000,2472.36981
1191.596661,1000,2474.839663
1015.699587,1000,2493.020962
330.866465,1000,2519.445994
919.920182,1000,2539.492182
583.188295,1000,2541.981403
789.914011,1000,2560.349181
1557.324362,1000,2562.815007
804.673684,1000,2581.048041
1299.931407,1000,2583.516013
1273.503708,1000,2601.744463
1224.495484,1000,2604.215388
928.258364,1000,2622.564083
103.836913,70,2622.736891
1337.978233,1000,2625.223514
772.060204,1000,2643.555959
150.497066,152,2643.932641
505.285969,1000,2646.407139
662.828784,1000,2666.248745
1222.188607,982,2668.678796
1364.527904,1000,2687.116207
1482.507362,881,2689.287949
1121.514705,1000,2707.403289
687.49664,1000,2709.887488
547.479879,591,2727.268576
917.831484,1000,2729.752037
1041.479748,1000,2732.23455
578.549805,1000,2750.467296
1187.983219,1000,2752.950054
1129.785313,1000,2771.119939
786.124515,1000,2773.58255
1141.730617,1000,2815.497489
834.736837,1000,2817.988375
1247.121653,1000,2836.254787
382.480333,494,2837.478116
1681.717925,1000,2855.872563
1009.341398,931,2858.183104
1477.163577,1000,2876.466218
1538.647666,1000,2878.931746
946.60555,1000,2897.238267
1633.670568,1000,2899.706901
510.450491,1000,2917.95883
781.955446,1000,2920.425372
801.650007,1000,2938.656741
1310.54173,1000,2942.773744
717.467611,1000,2945.261601
1535.770394,1000,2963.453651
1460.711826,1000,2965.927376
1284.900164,1000,2984.108017
1045.849804,1000,2986.592701
944.657053,1000,3004.90194
906.618794,1000,3007.379782
1308.181574,1000,3025.640807
1245.351861,1000,3028.108164
1436.244693,1000,3046.311509
985.488101,1000,3048.804092
1748.385545,1000,3090.717232
1685.077352,1000,3093.172531
898.446712,1000,3111.60814
1521.338118,1000,3114.08862
595.829841,1000,3132.584766
691.686274,594,3134.071357
1231.722224,1000,3152.434636
270.576259,179,3152.879358
1078.68093,1000,3155.35213
1704.003594,1000,3173.756668
1340.81741,1000,3176.218797
1511.485505,1000,3194.4765
668.53349,521,3195.767036
1887.790118,1000,3198.23052
2069.495771,1000,3216.65779
913.429606,449,3219.385453
2046.620814,1000,3237.886901
526.001025,266,3238.546167
965.982403,1000,3241.030825
1299.962841,1000,3259.343724
1164.752517,1000,3261.816195
1968.014987,1000,3280.107916
915.707859,1000,3282.585496
153.947985,78,3282.778826
2443.58262,1000,3301.187544
1247.392112,1000,3303.668576
1373.731986,1000,3322.168457
2117.909437,1000,3324.638987
1020.426488,1000,3343.045623
1539.550935,1000,3368.968547
1456.069853,1000,3387.193886
1652.537508,1000,3389.668715
2250.011758,1000,3408.000349
1544.72955,1000,3410.472985
2056.19373,1000,3428.743762
1767.287928,1000,3431.231184
1230.78421,1000,3449.5118
1264.163431,1000,3451.98171
1229.116625,1000,3454.463134
1169.474854,1000,3472.853406
1102.656056,1000,3475.33462
1419.922886,1000,3493.818506
1960.047523,1000,3497.948503
650.700933,1000,3516.097966
758.870816,1000,3518.589271
1397.934922,1000,3536.890931
2160.340777,1000,3539.35404
1331.207855,1000,3557.596253
777.011605,1000,3560.072469
923.135591,1000,3578.401735
726.912542,502,3579.659655
762.651236,1000,3597.944591
1167.827008,1000,3600.442255
1150.948159,1000,3618.694707
2118.978745,1000,3621.17503
1274.238288,1000,3661.915102
1429.205777,1000,3664.413583
1573.323621,1000,3682.640324
1402.817031,1000,3685.126581
1043.837421,1000,3703.319256
2083.418981,1000,3705.787076
1721.438611,1000,3708.278961
2159.689942,1000,3726.45479
2105.487801,1000,3728.945441
1768.393842,958,3747.031575
1648.901621,1000,3749.530764
2228.488281,1000,3767.725962
2613.767542,1000,3771.845639
1378.721944,1000,3789.980522
818.345173,1000,3792.493445
1868.538469,1000,3810.717011
2521.590207,1000,3813.208346
1524.392596,1000,3831.40965
1782.895232,1000,3833.890017
962.482013,1000,3852.241733
1536.674928,1000,3854.733409
1945.833776,1000,3872.913855
1295.065226,1000,3875.413976
2079.212148,1000,3893.664003
1901.102695,1000,3896.163361
1374.878426,1000,3937.381371
2349.989001,1000,3939.857691
709.565636,1000,3958.155832
1704.088142,1000,3960.706233
1824.302876,752,3978.251009
1273.734348,1000,3980.715428
2403.480886,1000,3998.893309
2033.721868,1000,4001.364278
1241.239685,1000,4019.648062
1491.323,1000,4022.113607
1279.812488,1000,4024.601559
2953.190633,1000,4042.738576
2350.312029,1000,4045.227511
1412.715691,1000,4065.166621
2187.504216,1000,4067.647719
2639.394895,1000,4086.002399
2630.046145,1000,4088.477141
1047.238678,1000,4106.876859
2794.848979,1000,4109.368563
1013.574986,1000,4127.768435
1921.732341,1000,4130.234968
1117.451003,1000,4148.421247
1234.992336,1000,4150.898489
1912.123463,1000,4169.170126
3023.606394,1000,4171.676455
1860.149936,1000,4212.379753
2159.432058,1000,4214.852237
875.105084,1000,4233.00994
1082.789622,1000,4235.49446
1202.702236,1000,4253.761116
1772.312302,1000,4256.270465
1306.528022,1000,4274.457052
3100.617863,1000,4276.981755
1967.777471,1000,4295.115368
2311.838719,1000,4297.5718
2153.529784,1000,4315.593841
834.678714,1000,4318.0967
1483.999833,1000,4336.199317
241.858076,78,4338.12043
2535.93587,1000,4340.627967
1211.299387,1000,4358.814315
3110.022609,1000,4361.2854
1577.491383,1000,4379.421562
2193.49518,1000,4381.908121
2857.481593,1000,4400.115529
1053.382241,1000,4402.646223
2333.912353,1000,4420.888883
850.241615,1000,4423.395627
2376.537336,1000,4441.72775
2632.054384,1000,4444.219054
1439.100307,813,4446.259726
1051.200716,1000,4487.532554
2656.255279,1000,4490.016104
2770.897978,1000,4508.176478
2912.683071,1000,4510.643001
2780.717466,1000,4528.836891
1517.311314,1000,4531.321668
2343.465823,1000,4549.408989
2878.016103,1000,4551.906577
3038.820088,1000,4570.17443
2807.336478,1000,4572.65
889.491329,1000,4590.892834
1934.141871,1000,4593.377531
2230.511507,1000,4611.708634
1367.105097,1000,4615.913692
2545.171752,1000,4634.219695
370.853776,252,4634.869738
1536.67061,1000,4637.383051
2187.697684,1000,4655.576095
2473.711636,1000,4658.051948
2097.772548,815,4675.903818
1430.167291,643,4677.503588
2476.331687,1000,4695.765601
2349.810573,1000,4698.243218
1324.57339,1000,4716.721651
2857.949986,1000,4719.192604
1835.548252,1000,4737.497937
1005.228296,1000,4764.402174
2519.350304,1000,4782.925526
1967.429267,1000,4785.399643
2332.240171,1000,4803.624811
765.962774,1000,4806.122905
2150.041577,1000,4808.601563
1692.731267,1000,4826.842154
2722.364629,1000,4829.323502
2344.820121,1000,4847.581061
2140.100919,1000,4850.068054
2318.83334,1000,4868.30228
1162.983488,1000,4870.794639
2518.798809,1000,4889.180011
2272.307288,1000,4893.348167
1832.24984,1000,4911.699089
1607.016705,1000,4914.229559
965.145097,623,4931.901778
1290.788653,1000,4934.401074
1082.51303,398,4935.382447
3417.522872,1000,4954.151298
1848.31785,1000,4956.684133
2301.711723,1000,4975.070813
2591.513658,1000,4977.579445
953.14252,1000,4995.924331
1550.798832,1000,4998.389235
423.215986,162,4998.788567
1254.476898,414,5015.803683
2049.310072,1000,5018.271492
1700.344122,1000,5059.094522
1500.60511,1000,5061.574586
2056.478134,1000,5080.167624
2372.288241,1000,5082.647139
1140.186333,1000,5085.161103
1022.484047,1000,5103.537695
3388.697633,1000,5106.011752
822.536788,1000,5124.422996
1961.549287,1000,5126.904878
2261.252753,1000,5145.282581
2441.13929,1000,5147.768763
2360.188459,1000,5166.245972
2662.025226,1000,5170.368358
2426.303627,1000,5189.025479
915.32821,1000,5191.620821
2861.416354,1000,5209.904613
2980.944521,1000,5212.380543
2051.928072,1000,5230.555833
3394.719918,1000,5233.045727
1309.568242,1000,5251.159719
1150.03976,1000,5253.67949
2427.631202,1000,5271.977399
2736.373597,1000,5274.454706
1413.529908,1000,5292.911066
2595.727631,1000,5295.420702
1747.709623,1000,5336.082543
2538.55247,1000,5338.557793
685.930351,1000,5357.43919
1880.280482,1000,5359.9553
1306.499396,1000,5378.54046
2948.923795,1000,5381.107549
1726.412675,1000,5399.358828
1519.450648,1000,5401.889746
2694.175558,1000,5420.184394
1068.807198,1000,5422.745288
2929.102475,1000,5441.465037
1975.719522,1000,5443.922314
1266.646693,1000,5463.801454
604.768971,331,5464.619982
833.742436,1000,5467.129819
620.883984,1000,5485.94154
1014.199932,1000,5488.494956
3552.27497,1000,5506.861604
1041.543455,1000,5509.363587
2736.815121,1000,5527.692239
2692.669069,1000,5530.167121
1912.878783,1000,5548.633881
908.343398,1000,5551.11273
2619.5742,1000,5569.618222
2502.111889,1000,5572.123922
877.51243,1000,5590.413741
3553.482999,1000,5615.441479
1618.22682,549,5616.812703
