#{"t_start": 1650576003.048205, "env_id": "NewAnt-v2"}
r,l,t
-157.530364,92,1.236857
-28.145468,23,1.290915
-10.973757,48,1.402111
-68.932043,48,1.51284
-34.072934,28,1.578205
-16.372956,35,1.659733
-66.239648,74,1.831423
-14.063051,26,1.892187
-65.743765,64,2.043652
-76.830334,70,2.207382
-76.831294,99,2.438483
-42.846165,45,2.548205
-1053.687203,1000,4.89209
-40.232133,33,4.96898
-24.745294,29,5.036075
-16.439716,59,5.171536
-52.70225,78,5.35051
-121.223095,86,5.548613
-18.655696,16,5.585862
-18.043091,25,5.64389
-152.62121,89,17.566999
-31.696162,33,17.645307
-24.937429,67,17.80092
-73.914845,85,17.996436
-16.41933,14,18.029151
-7.342274,28,18.095824
-0.258367,18,18.139433
-18.211121,21,18.188522
-21.199654,20,18.235419
-50.439681,39,18.326962
-46.442661,36,18.412781
-24.684116,20,18.459415
-48.558449,29,18.527105
-46.063203,43,18.627671
-86.64373,98,18.857951
-57.868124,50,18.974688
-122.683911,82,19.168112
-29.836012,47,19.278067
-35.180394,28,19.343657
-12.534192,37,19.428777
-27.551471,22,19.479886
-9.406531,26,19.540317
-39.752622,83,19.733476
-185.796856,219,20.240974
-43.171301,33,20.317588
-162.429898,103,20.555721
-8.141131,13,20.58558
-18.757158,31,20.657851
-140.528882,133,20.966456
-25.936389,27,21.02935
-68.473132,60,21.169677
-80.760558,59,21.307771
-70.70473,88,21.51389
-30.151035,33,21.590888
-17.439395,24,21.647024
-100.5253,94,21.866701
-30.304469,20,21.913559
-4.444116,20,21.960493
-28.780534,19,22.004869
-105.65291,100,22.239728
-50.778838,40,33.383234
-49.860913,31,33.457038
-25.177212,36,33.541576
-1060.148559,1000,35.897355
-174.227855,94,36.120441
-10.372062,15,36.156197
-3.014224,14,36.189503
-27.204994,57,36.323809
-1045.706657,1000,49.658229
-15.338662,31,49.730877
-23.779401,19,49.775317
-60.518296,58,49.910608
-53.501978,50,50.026489
-17.347011,13,50.057462
-117.144181,77,50.237538
-114.194181,78,50.419151
-126.22878,124,50.710851
-14.879551,9,50.732061
-9.589808,13,50.762626
-19.478527,27,50.826594
-76.802667,104,51.06947
-20.898254,70,51.234838
-45.174853,45,51.341032
-9.908155,25,51.399982
-7.402418,10,51.423898
-49.136945,65,51.577501
-40.117619,48,51.691115
-44.08047,33,51.769594
-43.411548,69,51.932136
-36.097993,37,52.018507
-60.36021,28,52.084311
-58.061405,64,52.234625
-21.934038,54,52.360889
-30.501016,21,52.409813
-163.645213,122,52.695766
-168.370888,140,53.026094
-190.369727,107,53.276814
-59.565041,61,53.41821
-22.172395,26,53.478697
-7.491312,17,53.518711
-24.34199,13,53.549478
-85.319697,84,53.745681
-19.489085,13,53.776253
-8.198168,12,53.804837
-72.6282,86,65.029677
-60.973688,45,65.136472
-49.735688,48,65.248951
-116.416731,136,65.570771
-232.404438,153,65.933669
-82.864416,38,66.023786
-28.665766,49,66.139241
-45.689187,43,66.240037
-6.766259,13,66.27121
-25.576982,22,66.322984
-79.1316,85,66.523103
-63.939571,63,66.672181
-190.47019,135,66.990753
-962.227314,1000,69.350987
-120.78618,104,69.59437
12.7244,29,69.662425
-68.770239,45,69.767998
-44.88115,60,81.146877
-16.033345,14,81.180473
-12.849288,11,81.206979
-114.075682,88,81.412673
-82.419291,96,81.639858
-105.823222,103,81.881266
-23.092757,31,81.953128
-71.911198,89,82.158523
-38.098417,62,82.301573
-229.315754,176,82.710057
-33.528705,17,82.749833
-7.756193,12,82.77754
-55.035233,34,82.856679
-1020.455805,1000,85.23848
-74.96471,54,85.365072
-1019.212093,1000,98.706497
-76.531892,47,98.818253
-993.62069,1000,101.166914
-41.946862,52,101.288857
-40.004087,53,101.413193
-166.762086,154,113.019384
-18.156804,30,113.090043
-77.524364,55,113.217334
-40.474979,36,113.302215
-71.90809,111,113.562321
-964.024286,1000,115.932905
-123.477995,142,116.263722
-85.748666,77,116.443228
-37.507275,44,116.54604
-59.554884,44,116.648102
-52.077579,45,116.752857
-2.013322,21,116.802549
-153.489024,111,117.059776
-863.307477,1000,130.436108
-72.330069,39,130.528691
-21.123925,25,130.587909
-156.902522,117,130.86231
-35.561642,41,130.959199
-57.648423,41,131.056201
-71.345032,39,131.147961
-65.736135,44,131.253352
-39.249459,36,131.336856
-45.848593,56,131.467755
-27.148312,39,131.559711
-86.063476,52,131.681659
-83.967388,51,131.802906
-44.105088,67,131.959758
-14.516586,15,131.994402
-43.821529,45,132.09966
-54.340703,59,132.23754
-27.882347,52,132.359061
-80.080786,55,132.487991
-12.625229,12,132.515862
-942.06397,1000,146.04751
-64.510353,65,146.198655
-92.371765,34,146.277505
-21.058298,40,146.3704
-921.660975,1000,148.730424
-76.983701,100,148.966335
-19.967548,33,149.04268
-33.394717,37,149.12901
-31.12683,64,149.278275
-10.857696,31,149.35007
-45.700068,35,149.431599
-837.436755,1000,162.953688
-22.145082,30,163.023872
-922.878428,1000,165.37376
-33.189886,38,165.462756
-48.713048,52,176.677886
-29.972076,80,176.865706
-19.539214,26,176.927425
-0.242344,15,176.963503
-50.537338,31,177.036013
-11.846219,10,177.05997
-6.756015,11,177.086063
-18.597538,14,177.119015
-28.802119,22,177.170671
3.188061,39,177.26173
-15.326922,20,177.308039
-879.825865,1000,179.655553
-21.783363,60,179.796903
-869.858559,1000,193.330472
-106.865214,75,193.50718
-54.642934,72,217.25779
-140.44386,100,217.496095
-17.813564,21,217.546006
-28.623643,47,217.657158
-870.03134,1000,220.034291
-50.395814,46,220.141251
1.919684,29,220.209348
-866.046437,1000,233.744733
4.023914,28,233.810464
-16.705557,13,233.841263
-25.224042,35,233.923725
-37.81979,50,234.041753
-19.835974,23,234.096005
-8.392374,19,234.140542
-37.155355,53,234.264999
-7.1626,14,234.298063
-23.017194,52,234.419701
-42.285773,54,234.546858
-171.977201,187,234.983638
-88.35979,88,235.188916
-25.354998,61,235.331651
-36.865574,51,235.451465
-51.285453,55,235.579721
-28.846696,44,235.682058
-51.390411,53,235.807088
-57.074053,71,235.972289
-37.286444,23,236.025652
-119.664297,103,236.265215
-9.486231,27,236.327578
-17.437856,19,236.371679
-58.586072,79,236.5544
-50.763094,48,236.666451
-34.52159,40,236.758153
-21.50268,31,236.830284
-42.614342,35,236.912036
-36.861482,50,237.028805
-18.15533,26,247.973498
-20.122111,29,248.041347
8.241016,64,248.189095
-3.866096,12,248.217136
-34.713016,23,248.271477
-34.156338,34,248.350964
-98.640838,102,248.591561
-29.044348,39,248.683527
-7.219369,17,248.723798
-78.338635,58,248.861601
-14.457525,52,248.984987
-37.080465,61,249.129394
-14.178783,28,249.19515
-53.044371,112,249.459872
-57.129338,49,249.57561
-51.443695,43,249.677325
-60.637263,46,249.786088
-42.022481,42,249.885552
-852.074986,1000,252.218557
-82.684058,48,252.331235
-21.205544,24,252.38751
-22.720462,21,252.437152
-47.521256,53,252.561303
-111.720712,152,264.080719
12.100303,32,264.156814
-43.568788,64,264.306708
-169.741574,139,264.633537
-48.317323,74,264.80905
-10.07792,20,264.85715
-92.716101,60,264.998528
-10.74764,29,265.067394
-1.8364,39,265.159791
-21.503693,59,265.297754
-47.150512,46,265.405143
-21.341815,16,265.44215
-870.861027,1000,267.787154
-27.99774,26,267.848863
-17.875441,23,267.902955
-31.253596,53,268.02701
-32.317792,34,268.106283
-21.381183,24,268.162807
-181.868106,265,279.938509
-55.89809,62,280.085901
-17.205609,16,280.123842
-15.103295,21,280.174128
-132.076385,129,280.478735
-104.738976,55,280.609492
-9.31339,23,280.663494
-8.063192,24,280.719831
-2.415461,16,280.757384
-51.382633,58,280.893007
-78.342283,91,281.104182
-40.011285,45,281.209648
0.322507,17,281.250031
-83.995759,86,281.450994
-40.597186,63,281.598214
-26.88841,26,281.659471
-29.537899,72,281.828382
-2.349724,53,281.952718
-98.430077,143,282.286365
-52.20945,74,282.458293
-854.575362,1000,296.06468
-25.634604,35,296.147614
-74.095839,111,296.409436
-5.146119,31,296.482363
-10.981996,14,296.51484
-856.27038,1000,298.887988
-0.504129,32,298.963093
-26.11284,33,299.040442
-33.376113,65,299.192417
-7.786819,13,299.222687
-8.6558,24,299.27827
-81.690979,134,299.589532
-39.35077,86,299.790322
-96.680682,157,300.158053
-79.441349,95,300.380649
-29.097695,18,300.423495
-42.931839,40,300.517288
-86.023637,115,311.953727
-761.070761,1000,314.301388
-26.359311,54,314.428339
-761.916059,1000,328.021799
-41.684408,36,328.104659
-15.907402,51,328.22138
-23.378326,32,328.295477
-803.096731,1000,330.647552
-37.593053,20,330.69511
-9.244174,14,330.728408
1.032792,22,330.780377
-41.184752,70,330.944272
-66.817703,123,331.236705
-85.44982,95,331.458114
-36.827273,30,331.528714
-20.604399,42,331.62503
-65.151039,199,332.086038
-34.673287,46,332.192628
-17.201978,23,332.246138
-153.082955,120,332.526295
-710.842588,1000,346.064772
-48.820775,53,346.189726
-6.491454,14,346.222819
-31.434922,33,346.300546
-34.582608,51,346.420144
-7.622583,12,346.44851
-65.583603,111,346.710729
-31.527794,31,346.78398
-26.653744,22,346.835912
-3.793276,16,346.873661
-533.958333,655,348.414515
-15.086627,13,348.444724
-186.863015,130,348.746692
-49.5518,66,360.148103
-32.144532,30,360.218188
-61.246406,68,360.377332
-30.616571,15,360.412332
-44.232052,63,360.560383
-97.505637,102,360.798425
-15.046875,21,360.847775
8.139594,22,360.899255
-1.901535,12,360.927685
-39.437806,46,361.034872
-97.318114,94,361.260028
-88.406892,122,361.544065
2.820679,72,361.71149
-43.670039,25,361.769399
-26.846553,50,361.885877
-16.254742,18,361.927284
-2.155497,11,361.953496
-30.207191,34,362.032803
-29.973964,38,362.122101
-64.216516,81,362.310916
-5.964423,12,362.339175
-39.56563,47,362.449397
-59.690424,61,362.590741
-35.192114,67,362.745347
-72.896833,76,362.920199
-17.284781,15,362.954673
-121.440046,145,363.291404
-13.185348,18,363.333862
-65.591218,60,363.473032
-25.005947,37,363.560314
-14.692073,19,363.605128
-24.871204,81,363.794633
-753.54034,1000,377.268223
-23.161854,21,377.317717
-3.99693,27,377.380826
-54.696684,83,377.574096
-26.716277,49,377.688526
-54.479743,51,377.806738
-10.991318,28,377.872381
-813.207886,1000,380.224192
-26.348535,70,380.3887
-16.991095,26,380.44952
-719.11389,1000,394.003053
-7.66848,14,394.036079
-53.513101,56,394.165195
-44.630566,35,394.246685
-118.425292,128,394.545267
-31.961763,34,394.625012
29.450964,50,394.741506
-39.785796,190,395.187306
-26.287899,48,395.299684
-55.612702,34,395.37914
-17.28883,90,395.590869
-13.710459,40,395.684479
-67.086526,33,395.762525
0.041958,31,395.837068
-17.652633,30,395.907862
-11.672969,17,395.947652
-78.52707,89,396.155769
-53.065911,168,396.54816
-6.132527,15,396.58379
-46.254544,136,407.992621
-46.515404,42,408.090559
-59.855545,90,408.297996
-54.652718,73,408.468215
-5.396325,11,408.494285
-29.503194,36,408.578493
-14.165033,17,408.618059
-30.388203,38,408.707142
-254.5101,392,409.625705
-11.369628,24,409.682766
-2.658418,12,409.710855
-728.23546,1000,419.728205
-0.600891,13,419.759942
-8.859864,41,419.855986
-32.338149,43,419.957138
-7.023797,78,420.139719
-47.143182,54,420.266903
-13.087328,12,420.295364
-36.446245,52,431.68112
-8.060358,26,431.743264
-128.363654,94,431.964874
-8.07586,22,432.017481
1.831877,19,432.062749
-4.931168,16,432.100798
-26.525051,31,432.173622
-85.794874,60,432.314601
1.060199,98,432.544238
-124.780873,114,432.811113
-39.056709,30,432.881616
-41.939194,43,432.983101
-3.907139,22,433.034354
-88.452299,108,433.285482
-706.263967,1000,435.646693
-26.844994,31,435.719589
-36.249259,62,435.866286
-44.170252,46,435.973482
-30.95219,23,436.028414
-16.436575,19,436.072717
-64.4915,50,436.190042
5.519092,17,436.229652
-32.647258,66,436.38219
1.2211,25,447.634325
7.430563,32,447.708275
-28.104807,57,447.840111
-27.00726,58,447.975304
-69.971332,71,448.139938
-18.272426,16,448.176852
-7.912076,14,448.209375
11.124759,58,448.343829
-16.774885,14,448.375878
-24.257002,25,448.433971
-27.571473,32,448.507552
-10.58518,32,448.582302
-565.671015,841,450.551991
-590.621095,1000,464.097242
-1.44794,37,464.18303
-14.060215,14,464.215286
2.550695,25,464.273296
-13.271963,38,464.361461
-25.913182,62,464.504916
-7.121801,18,464.547536
-10.941743,21,464.596231
8.236042,28,464.660945
-5.358633,85,464.858596
-705.762973,1000,467.19462
1.05312,59,467.333478
6.225775,13,467.364329
-8.313366,12,467.392471
-25.132543,83,467.58622
-11.734077,44,467.688744
-3.378256,20,467.735179
-42.676827,68,467.896921
-10.351714,95,468.117491
-52.268356,48,468.228781
-53.340459,46,468.335703
-8.203055,47,479.707636
-7.228015,13,479.738178
-22.031649,26,479.799231
-30.694565,26,479.860639
12.243006,28,479.926308
-6.827938,40,480.019738
-36.849197,49,480.134475
-19.840375,42,480.233435
2.168755,30,480.3035
0.24518,34,480.383136
-2.679304,46,480.48993
-5.753145,35,480.571397
-6.417283,12,480.599732
-49.474489,74,480.773294
-19.527763,17,480.813157
-12.052731,19,480.857852
-681.926969,1000,483.207332
-508.882802,1000,496.679388
-26.266474,80,496.866783
-7.413985,16,496.904091
-29.633652,42,497.001158
-11.854999,13,497.031247
-11.639223,12,497.058654
-11.149646,11,497.084441
-3.682885,38,497.173392
-17.101962,45,497.27828
7.292607,28,497.343897
-11.035469,12,497.372302
-2.271676,16,497.40987
-42.051777,75,497.585379
-27.541905,14,497.617992
-29.561711,66,497.771595
-96.373161,112,498.035915
-16.350537,25,498.095214
-9.722629,13,498.125721
-21.031536,42,498.224668
-33.409842,24,498.280974
-17.768078,33,498.35896
-28.990517,61,498.501216
-17.139361,57,498.635107
-21.940512,16,498.672459
-81.521848,118,498.949477
-8.831934,12,498.977247
3.525293,12,499.005258
-16.199667,28,499.070918
-293.456046,527,500.303625
12.884828,27,500.366211
-13.523398,28,511.567744
-601.034978,1000,513.91264
-14.594414,17,513.952846
16.736632,112,514.213266
-10.042076,14,514.245531
-60.921576,42,514.342976
-27.206244,26,514.403411
-32.566561,40,514.496605
-24.141006,64,514.645542
-23.811473,51,514.763865
-59.606458,65,514.916282
-633.287115,1000,528.468195
-4.835027,17,528.509565
-53.9531,134,528.825031
-16.095239,70,528.989336
-25.315452,52,529.11149
-7.828414,15,529.146622
-2.119572,11,529.17262
-28.71427,28,529.238366
-11.054238,35,529.320455
-26.81149,42,529.41897
-5.1273,13,529.44965
-27.316661,38,529.53921
19.064889,21,529.588756
-27.143262,43,529.690839
-582.47075,1000,532.045744
-30.832476,20,532.093159
-94.945084,147,543.685342
-9.281545,38,543.775146
-23.856586,40,543.86944
9.026485,61,544.011982
-574.698384,1000,546.351857
-24.932183,30,546.422667
-18.547493,40,546.515828
-5.836546,19,546.56034
-25.497187,63,546.710039
1.842531,18,546.752758
-5.044296,33,546.829956
-25.684678,68,546.988953
-38.185248,21,547.037957
5.302884,36,547.12203
-10.764713,101,547.358456
0.526742,15,547.394384
-32.799317,38,547.484456
-577.674004,1000,561.014036
-41.933887,49,561.128723
-35.027449,90,561.339765
-13.917124,15,561.375489
-18.476569,28,561.440825
-13.040195,12,561.46916
-64.13736,108,561.723977
-3.209471,17,561.764051
2.548075,15,561.799765
43.325315,34,561.879266
-71.206571,82,562.07246
-1.037148,51,562.191769
-13.228016,40,562.28614
-3.979244,18,562.328308
-25.248,49,562.442946
-38.892542,63,562.591442
-676.136355,1000,576.196478
16.368075,20,576.244283
-49.732027,95,576.467909
-16.693831,10,576.492065
-59.294221,108,576.746874
-4.864904,44,576.85126
-14.067006,30,576.921633
-15.470302,15,576.956333
-61.039805,79,577.139384
-1.572604,9,577.160314
-8.129153,15,577.195632
-12.198743,19,577.240023
-6.370726,41,577.335288
-41.610242,127,577.629209
-9.081198,16,577.666763
-8.739966,26,577.726959
-57.172146,50,577.841941
-55.774359,43,577.941732
7.252927,42,578.038811
-3.864163,15,578.073264
-44.1856,73,578.241456
-19.44325,32,578.314944
-8.220085,40,578.408023
-15.058114,23,578.461547
-24.132542,32,578.536829
-18.24774,19,578.581456
4.848199,12,578.609389
-451.799951,757,580.392594
-504.063861,1000,593.912384
-54.607814,67,594.070709
-8.782297,83,594.263479
-7.576313,47,594.371514
-8.993025,25,594.428903
-39.632065,24,594.484003
-424.334885,1000,608.058499
-41.516575,167,608.450355
-12.890746,13,608.481155
-39.896925,65,608.632819
-536.54177,1000,612.025194
-4.486845,32,612.100976
-0.707771,21,612.149593
-7.291589,18,612.191533
-47.194717,54,612.317681
-50.118363,109,612.571503
-11.24363,11,612.597473
-38.689751,30,612.667852
-10.92243,24,612.723401
-0.405894,93,612.940474
-57.876753,102,613.17951
11.176936,29,613.247013
-3.979034,15,613.282027
5.531035,28,613.347329
5.192565,41,613.443377
-520.419738,1000,626.997077
43.961853,76,627.177027
-0.118396,31,627.250156
7.712549,60,627.391944
-13.299107,18,627.434466
-1.152373,22,627.486263
-0.693095,50,627.604403
15.09356,32,627.679367
-556.058042,1000,641.332751
-3.704275,25,641.391711
-30.420951,103,641.632622
-39.195982,32,641.707454
-17.513657,29,641.775343
-37.634512,46,641.882895
11.565874,28,641.948231
-499.076025,1000,644.305211
-30.344809,109,644.56221
-55.985639,69,644.722859
-5.676307,61,644.866525
-7.534092,20,644.91408
-38.671848,60,645.056199
-12.730313,13,645.087019
-25.688543,30,645.157872
-19.500279,77,645.340566
-37.410679,46,645.449762
-22.430188,17,645.489922
-11.516366,40,645.585632
-0.460175,52,656.893172
-29.406927,49,657.008008
-68.70942,101,657.243286
-13.735208,28,657.308363
-12.611987,25,657.367231
-22.140545,29,657.43508
15.511542,75,657.611041
-60.413685,99,657.842954
-1.925106,14,657.875348
-32.732675,48,657.988794
-32.388046,47,658.099066
-38.354596,42,658.197231
-59.420241,73,658.368834
-2.456678,37,658.455065
-34.463206,73,658.625813
-3.096097,17,658.665096
-6.438473,37,658.750752
-25.788978,19,658.795316
-29.399865,111,659.054856
-16.430448,20,659.101681
-22.175707,32,659.175898
-15.356627,18,659.218183
-11.332526,76,659.39643
-5.015996,22,659.448782
2.5372,25,659.507633
-13.241995,23,659.560919
21.084589,33,659.637173
-13.898451,21,659.686112
14.375824,32,659.759952
-24.814671,40,659.852972
-2.2756,13,659.883435
2.713552,30,659.953755
-536.194819,1000,673.478258
-497.777894,1000,675.824347
-7.952966,40,675.917504
-18.70086,29,675.984909
6.332871,32,676.05951
1.066116,39,676.149538
-128.03267,145,676.485667
-20.569896,20,676.532054
61.266583,125,676.823165
-14.580507,37,676.908627
-0.555185,16,676.946004
35.442939,31,677.018059
-25.746496,39,677.109122
-42.774833,79,677.293922
-18.232118,46,677.400968
1.91636,11,677.426842
-10.536014,15,677.462504
19.222759,39,677.553885
-478.491271,1000,691.089313
-32.705429,18,691.131812
-79.432995,112,691.394026
-15.507558,42,691.492377
-21.87074,42,691.591329
-1.176523,22,691.643396
28.198858,76,691.820759
-16.421885,60,691.96126
0.771075,32,692.03669
-29.77705,51,692.156362
15.832387,26,692.216823
-11.462869,75,692.392439
-40.851657,45,692.497009
-10.418854,16,692.534649
0.596526,13,692.565415
-37.619974,63,692.712948
-23.52941,71,692.880231
-4.509735,65,693.030802
-22.813044,17,693.069835
-23.936974,30,693.139087
-40.864758,135,693.449385
4.89814,21,693.497962
-1.26768,9,693.518549
-12.73245,56,704.762412
0.166744,21,704.811551
-25.066207,69,704.972612
7.252995,44,705.07528
-17.129751,23,705.128966
-0.525063,37,705.21476
-59.625241,46,705.321895
3.235701,26,705.382179
-413.654577,1000,707.726141
-4.251584,12,707.754501
-18.265092,56,707.884772
11.243228,60,708.024582
16.904672,42,708.122401
-26.917937,58,708.256972
-2.76255,11,708.282553
5.438053,10,708.306056
3.846393,47,708.415019
-1.254643,15,708.450469
6.152197,37,708.536335
-35.342081,47,708.64491
-125.028537,194,709.096961
-11.977308,115,709.362032
-8.4656,21,709.411142
10.289561,18,720.66135
-94.13878,141,720.990813
2.06817,29,721.059407
21.759114,95,721.282148
-14.772736,19,721.326639
-10.358347,34,721.406207
-20.798015,99,721.63718
0.144376,12,721.665439
31.046233,75,721.84103
5.697423,31,721.913493
-51.672723,78,722.095856
-36.498695,51,722.21544
-415.004443,1000,724.57169
-3.967359,22,724.623461
-17.620417,96,724.848702
-49.114921,89,725.057923
14.656796,10,725.081711
-25.409933,70,725.244128
13.126064,51,725.363276
-13.132761,61,736.664315
19.470573,20,736.711489
-10.591808,17,736.751218
-76.09432,74,736.923617
-94.418526,195,737.375424
3.688615,27,737.438897
-10.397663,30,737.509581
-15.724047,28,737.575178
-464.783757,1000,739.923887
-80.094465,123,740.20766
3.455023,17,740.246573
14.885495,20,740.292857
16.068662,157,740.651693
-6.183157,29,740.719018
30.498294,39,740.809698
-22.142199,24,740.865303
-13.577271,27,740.927522
-51.536746,176,741.333848
-27.977445,122,752.765001
3.017081,10,752.789298
-4.340855,14,752.822542
-4.286214,14,752.855289
20.834345,51,752.975191
-29.847324,54,753.101837
12.527853,16,753.139422
-452.813344,1000,755.492047
-5.517862,11,755.518495
-3.186284,38,755.607616
22.562886,73,755.778694
-4.505008,36,755.863516
20.965225,35,755.945239
-3.571018,33,756.022174
-40.365187,132,756.330149
-14.085596,38,756.420444
-28.544825,101,756.660622
2.985485,19,756.705886
10.716516,27,756.769104
-6.520897,15,756.804451
-19.008703,42,756.90311
-5.434114,18,756.945218
-0.325759,24,757.001837
-23.263997,44,757.104316
-1.71706,127,768.612385
-105.82286,111,768.870009
-1.345407,15,768.905078
-16.810825,44,769.007668
-47.028721,37,769.094196
-7.68147,15,769.129642
-0.79849,18,769.171663
-0.788853,23,769.225326
-9.83541,18,769.267793
-6.548505,28,769.333688
9.096987,44,769.43626
-32.523229,90,769.646223
11.256146,21,769.695724
-288.316453,615,771.141389
-8.52727,23,771.195848
-4.149745,20,771.242453
-22.907461,68,771.399901
18.523368,50,771.516143
-3.248477,14,771.548576
-413.746037,1000,785.147078
-1.259512,37,785.235282
9.222867,34,785.315651
1.087709,34,785.395828
-6.689305,25,785.454616
-37.715211,59,785.592491
-13.073259,46,785.700006
6.313382,25,785.758574
15.512038,56,785.889218
-12.761508,15,785.923953
-3.591887,115,786.193455
4.328666,20,786.240701
-10.585738,20,786.2874
-13.208959,19,786.332564
17.318925,30,786.403846
-37.790647,73,786.576438
0.690873,132,786.897752
12.827652,25,786.956497
46.012066,49,787.07042
11.793102,98,787.299584
-6.035309,48,787.410476
0.015809,28,787.475477
-4.22977,14,787.507808
0.357786,65,787.658748
11.970246,28,787.724149
-10.198282,41,787.819339
11.463641,16,787.856865
20.878513,42,787.954652
-4.019238,42,788.054366
10.442148,95,788.277307
82.524899,108,788.52996
4.368467,13,788.560295
-11.780817,23,788.614225
6.570999,24,788.670613
2.117263,77,788.851664
39.427639,62,788.997481
-34.284259,66,789.152557
29.428877,37,789.239162
-121.897148,103,800.622369
17.85453,40,800.717074
13.985686,35,800.801444
0.256745,39,800.894259
2.323777,45,800.999398
-3.086924,70,801.164646
-343.882331,1000,803.513708
-9.714974,15,803.549135
-14.40915,49,803.663722
-8.826629,36,803.747501
-89.410252,240,804.305691
-8.535432,12,804.333791
14.865131,49,804.447051
-105.347782,130,828.271485
14.645551,18,828.314395
8.202261,27,828.376692
-7.551614,83,828.569023
9.784391,14,828.60187
11.596717,104,828.843284
26.875643,71,840.213972
6.812945,23,840.267251
-21.633518,87,840.468622
-9.496281,21,840.517511
2.27237,19,840.561838
8.091118,18,840.604119
-18.285014,32,840.678923
26.660162,22,840.730254
9.43245,31,840.802166
-60.126415,83,840.99409
-33.150889,54,841.119274
-5.567642,18,841.161223
20.353687,41,841.256841
5.220528,48,841.367848
-6.804503,17,841.407728
-10.470504,14,841.440138
7.666574,36,841.524104
-4.303725,35,841.605413
-24.912437,67,841.760847
-4.065821,47,841.869541
13.362084,34,841.948337
28.911436,49,842.062193
-15.84272,16,842.098779
9.66068,28,842.164387
14.369839,49,842.277827
-10.550809,50,842.394026
-39.028362,94,842.609406
-28.847659,25,842.667507
-9.003815,17,842.707093
14.190068,24,842.762897
11.688199,169,843.154129
-8.551639,33,843.231417
4.740896,32,843.306013
-14.646818,28,843.371638
5.337021,19,843.415902
-24.832654,61,843.558481
-69.211347,182,843.983793
-5.894163,20,844.031168
14.126968,23,844.085194
7.275976,15,844.12032
-367.169995,1000,857.673396
-5.167124,9,857.695653
-20.51394,24,857.752448
-38.260793,95,857.975969
-20.218453,26,858.036977
-13.69452,13,858.067765
-33.460438,43,858.168721
-1.839169,73,858.340579
54.324867,66,858.494658
-12.350947,20,858.541164
-6.429251,48,858.652963
-16.486869,23,858.707277
11.351475,45,858.812861
9.23896,38,858.900719
12.804502,34,858.980226
-7.280757,29,859.048317
18.407649,49,859.16302
-3.612452,34,859.242173
-0.495986,116,859.511934
27.16753,52,859.632717
-3.156618,34,859.711333
10.292699,23,859.764835
-5.063123,17,859.803806
-52.37078,46,859.910031
-33.372543,53,860.033865
29.987512,48,860.146178
17.073391,74,860.31762
6.279564,15,860.351909
7.288316,19,860.39642
-304.627596,1000,874.030337
8.637972,45,874.137402
2.372957,55,874.264732
9.299507,16,874.302964
-327.453976,1000,876.654896
-2.260242,38,876.744237
-14.041719,25,876.803066
-2.800914,42,876.900748
-25.457102,95,888.19794
8.90707,13,888.228734
-10.67778,15,888.263515
-15.624966,84,888.460131
20.747493,17,888.49979
-17.282721,69,888.658689
-0.713684,14,888.69099
5.948057,28,888.756294
-14.764832,92,888.970172
-3.100847,14,889.002797
1.51467,37,889.088805
-10.458467,22,889.139653
-44.541615,66,889.292671
-46.895009,74,889.463095
2.884233,52,889.584034
69.344973,116,889.852233
-9.009974,46,889.959064
-311.91383,1000,892.312177
-3.761121,42,892.411457
-211.948443,1000,906.039965
-327.649944,1000,908.377369
-307.333932,1000,922.035437
8.199655,27,922.099308
-3.60714,44,922.20251
-12.817793,30,922.272982
-44.54793,52,922.394599
-13.531424,37,922.481668
-20.287777,138,922.800956
-284.167799,1000,936.36267
38.180883,39,936.455207
-0.555572,22,936.507156
45.985709,36,936.591275
-9.909929,73,936.761205
-2.03225,19,936.80545
14.36926,26,936.865599
-7.327819,55,936.992828
9.75632,31,937.064933
-5.441872,23,937.118773
6.755518,26,937.178889
45.852578,100,937.411035
19.941193,22,937.462484
-11.578908,17,937.501864
-24.120251,64,937.650495
31.304556,41,937.745965
-15.669705,28,937.811252
8.460751,38,937.900158
-31.321722,147,938.240603
4.641593,13,938.271693
0.523727,24,938.327137
17.751261,23,938.379501
-23.806556,49,938.49186
20.305671,43,938.590418
2.321744,41,938.684629
-3.78493,12,938.712534
6.727077,70,938.872951
-32.844638,26,938.933822
37.398954,33,939.010061
5.974508,100,939.239204
-4.811477,26,939.298882
-239.881958,1000,952.762653
10.812659,18,952.805186
11.706419,14,952.837592
43.795132,55,952.965829
24.580727,56,953.095847
25.149915,88,953.299673
23.373657,36,953.383578
29.556945,36,953.467908
22.128296,51,953.588051
86.445477,92,953.804
8.728742,18,953.846213
8.265167,45,953.951524
41.62544,32,954.026042
-4.829918,10,954.049441
13.182105,21,954.098368
13.194443,41,954.193699
-3.542604,157,954.559812
-6.814316,33,954.637428
2.25878,30,954.707654
15.956537,27,954.770962
-26.800616,53,954.895248
-5.613994,18,954.937004
6.199164,21,954.986122
-7.317995,21,955.035406
7.612138,84,955.231437
-2.73891,31,955.303243
-5.121113,27,955.366746
-205.964521,1000,968.892196
-40.170208,161,969.264738
69.88134,48,969.375861
-20.34214,61,969.516852
42.816137,68,969.675231
-25.675539,122,969.959775
72.290834,139,970.27954
18.237721,37,970.365407
1.643478,18,970.406992
30.453699,44,970.508756
54.33731,81,970.69574
12.010625,29,970.763585
-201.853276,1000,984.37661
-5.333301,44,984.47934
-7.236865,55,984.608238
3.302645,40,984.701905
-3.781216,37,984.78845
-5.845929,114,985.055365
19.90777,64,985.205982
7.416794,41,985.302535
25.409457,69,985.463049
-234.255166,1000,987.807716
14.683745,40,987.902809
-12.998716,28,987.968223
6.26061,16,988.005798
25.370503,42,988.104003
39.81854,34,988.183536
-9.506202,18,988.225736
-153.986305,1000,1001.691008
-9.055493,32,1001.766459
-1.895292,18,1001.808492
2.445849,8,1001.827142
41.741088,68,1001.986091
-9.73563,64,1002.135861
9.162312,28,1002.201435
-54.644364,91,1002.414977
-2.155678,19,1002.459255
133.546557,148,1002.804636
17.288864,28,1002.870265
9.688222,40,1002.964561
-1.617838,42,1003.062517
-10.062111,55,1003.191236
-5.679912,95,1003.413962
24.325319,129,1003.714687
16.933665,16,1003.75245
3.928875,29,1003.821385
-6.033444,67,1003.979453
-180.170224,1000,1017.520913
6.142387,56,1017.650771
-10.84494,44,1017.75299
-10.080714,44,1017.856357
16.232134,37,1017.943452
13.856003,39,1018.03418
11.96137,100,1018.266789
30.882823,45,1018.372921
39.214877,44,1018.475304
12.420669,25,1018.533361
-54.796871,85,1018.732176
22.091627,59,1018.868333
-16.506957,40,1018.961219
3.82394,38,1019.049094
1.332617,92,1019.260353
21.80063,27,1019.323303
-0.863637,14,1019.356296
-179.322994,1000,1034.034276
-17.839521,32,1034.1092
10.146978,16,1034.146699
-4.57428,13,1034.176969
50.235726,52,1034.298629
-37.145262,107,1034.549271
0.010287,58,1034.686389
57.621246,30,1034.756195
20.766601,69,1034.916784
-166.874752,1000,1037.279807
-34.272122,91,1037.49114
0.993696,30,1037.560788
-7.821291,15,1037.5957
51.378987,44,1037.696701
30.001552,103,1037.936183
27.629611,131,1049.543054
22.460546,36,1049.627859
26.809075,19,1049.672445
-10.895183,32,1049.746924
-0.30315,42,1049.845297
35.280737,75,1050.020282
-26.980216,73,1050.190694
22.285465,64,1050.338269
10.452776,84,1050.533369
-7.824341,82,1050.722995
33.057541,33,1050.800221
47.480939,29,1050.867912
-10.519922,21,1050.916724
2.831437,54,1051.044032
87.951783,161,1051.41847
17.528969,55,1051.546629
7.528672,26,1051.607461
84.716898,75,1051.78114
14.760059,56,1051.911272
11.16341,94,1052.130982
13.078656,29,1052.198433
3.815837,61,1052.340878
34.255588,74,1052.513477
38.256847,53,1052.637065
-6.539224,16,1052.674638
14.650232,36,1052.757947
0.289076,57,1052.890645
62.63301,72,1053.058541
8.698425,16,1053.095778
107.280897,111,1053.35345
20.028845,35,1053.434884
39.640987,49,1053.54822
-2.295301,34,1053.627245
9.578765,13,1053.657541
15.228331,35,1053.738229
-13.764508,32,1053.812136
-6.604008,30,1053.881093
-106.595457,188,1065.54079
12.877882,21,1065.589629
22.540218,39,1065.679782
18.134759,27,1065.741483
25.997718,86,1065.939636
38.642386,63,1066.084734
68.395957,97,1066.307969
95.96177,98,1066.533269
6.16756,30,1066.602284
40.474703,73,1066.771667
9.068078,15,1066.806396
22.319698,27,1066.869282
7.467374,20,1066.915511
58.61488,96,1067.137834
42.950724,59,1067.275044
-8.324067,49,1067.389833
-11.320283,61,1067.532843
9.358465,29,1067.601115
25.205316,21,1067.650456
-8.590597,22,1067.70231
28.947439,76,1067.880476
18.363838,38,1067.970235
30.435772,43,1068.071813
47.788419,94,1068.293055
-6.188978,25,1068.352353
0.848636,17,1068.392562
23.084689,40,1068.487449
-9.102122,38,1068.576053
88.244831,107,1068.828586
14.931548,21,1068.878217
55.165856,178,1069.296143
13.950978,76,1069.47297
-16.668798,64,1069.621514
107.617322,200,1081.305461
14.831585,50,1081.42258
-6.914772,15,1081.457734
31.112218,59,1081.595536
2.107619,29,1081.663285
-3.757912,14,1081.695934
14.017433,50,1081.812861
23.421007,27,1081.875559
-0.86324,31,1081.94758
35.871697,45,1082.052268
27.364451,68,1082.211073
10.205448,23,1082.265666
11.445155,168,1082.660305
-118.102511,1000,1085.006627
20.940772,19,1085.051053
19.913727,34,1085.13008
3.690373,11,1085.155909
2.976619,67,1085.312559
2.194798,29,1085.380589
7.730438,24,1085.436743
6.030479,23,1085.491145
4.490929,18,1085.533167
-15.976047,38,1085.621951
32.289078,37,1085.708287
17.047485,45,1085.813612
7.970489,32,1085.889102
-4.058032,1000,1099.404516
-0.777893,34,1099.484442
-7.161124,13,1099.514611
5.569737,31,1099.586725
-62.379839,1000,1101.937134
39.776113,48,1102.04941
-4.970234,12,1113.288085
-0.630302,81,1113.478613
-2.220432,44,1113.581688
17.974923,95,1113.803209
25.388784,50,1113.920075
25.989701,41,1114.016466
13.481233,62,1114.160438
14.867158,20,1114.207546
12.204778,14,1114.240153
20.320483,1000,1116.577662
-8.493457,15,1116.613593
10.869826,16,1116.65174
19.786117,55,1116.780624
20.197873,31,1116.852754
3.545465,42,1116.950691
-52.527765,126,1117.242542
16.697079,54,1117.368017
6.024894,34,1117.446961
-4.592093,12,1117.475252
-76.333632,130,1117.778201
21.201029,46,1117.884454
-10.286691,41,1117.980307
23.984927,155,1129.576486
42.445439,1000,1131.935232
9.543572,24,1131.992297
48.462652,79,1132.17784
27.364265,45,1132.282578
4.731923,42,1132.380908
17.119849,143,1132.713582
41.582521,96,1132.937893
8.018977,43,1133.03788
20.822398,43,1133.138251
-93.134989,1000,1146.668695
2.976385,108,1146.92053
11.459437,38,1147.008604
36.246367,94,1147.226026
46.212268,78,1147.405877
-14.176777,26,1147.466412
2.503035,24,1147.521852
6.969906,68,1147.679285
2.686136,19,1147.723292
-27.64968,129,1148.022313
23.192462,40,1148.11826
2.190657,12,1148.14661
-35.318684,1000,1161.676001
36.962812,58,1161.810679
0.971699,15,1161.845556
10.974865,31,1161.918139
6.991635,69,1162.079213
-108.541664,317,1162.817067
4.920955,8,1162.835911
-8.706033,22,1162.886985
17.285609,29,1162.955172
19.953684,33,1163.032696
-2.181049,22,1163.084193
55.395854,132,1163.391779
33.566544,74,1163.565923
61.337477,91,1163.78152
3.337306,34,1163.862511
13.526757,40,1163.956843
15.158202,17,1163.997031
9.222843,33,1164.075305
25.562798,75,1164.250025
123.669849,125,1164.541751
-31.995257,97,1164.768374
46.583499,96,1164.990278
21.079411,44,1165.092869
38.067708,49,1165.207008
24.02788,50,1165.323125
6.734023,14,1165.355651
83.745898,174,1165.75763
6.115363,99,1165.985997
21.954312,152,1177.451509
51.417233,63,1177.597088
48.206216,63,1177.743316
7.108501,73,1177.913626
24.026044,54,1178.038664
2.361607,98,1178.264159
-21.851875,67,1178.419193
-15.962128,176,1178.829206
-25.562346,71,1178.994565
1.417101,12,1179.022485
-5.560314,62,1179.16544
0.81397,1000,1181.50404
56.968674,118,1181.778555
-3.904135,18,1181.820909
-16.713926,46,1193.125092
19.181182,146,1193.462014
3.490227,17,1193.50134
26.031471,50,1193.617978
27.824811,44,1193.720466
109.339333,92,1193.93961
45.436071,74,1194.117268
60.187281,1000,1196.453827
1.228951,19,1196.497741
80.322269,1000,1210.034719
27.431487,71,1210.200311
9.446466,26,1210.260758
97.300917,276,1210.903742
-10.370155,52,1211.025161
1.92385,44,1211.127429
6.378276,31,1211.198481
106.376373,128,1211.49367
27.556465,68,1211.651399
9.189419,28,1211.716601
0.964462,19,1211.760768
167.328131,147,1212.102104
24.333115,169,1212.49487
-2.689996,38,1212.582961
65.320823,1000,1226.001486
21.330341,176,1227.810687
32.363245,62,1227.953486
6.429909,27,1228.016212
12.49039,28,1228.080579
62.034393,121,1228.359271
41.979765,34,1228.437564
-6.447171,61,1228.579854
13.267793,32,1228.653594
25.047507,26,1228.713738
5.860932,37,1228.800359
11.615678,53,1228.92409
54.024379,1000,1242.501757
59.986511,59,1242.636135
-0.458396,110,1242.887651
85.513634,122,1243.166561
24.722149,22,1243.217147
30.970092,102,1243.450598
9.620665,80,1243.632921
27.272333,83,1243.825104
6.560169,122,1244.105922
11.729352,80,1244.291146
22.999283,22,1244.342218
57.847296,83,1244.535186
28.445267,24,1244.59072
1.191765,13,1244.620903
5.595923,38,1244.709508
-32.778874,145,1245.045012
22.131518,21,1245.094177
18.409244,44,1245.196341
118.116416,172,1245.600252
102.407987,352,1246.420399
-23.497268,75,1246.594965
100.461708,1000,1260.22358
-20.434505,99,1260.453621
55.132667,73,1260.624058
15.236311,18,1260.666305
54.783703,62,1260.81295
52.801727,90,1261.023451
14.998458,247,1261.598351
16.251452,30,1261.669107
24.634951,47,1261.77966
40.940298,47,1261.888845
3.887432,48,1262.000203
169.543168,1000,1275.498789
27.394931,42,1275.5968
116.680772,138,1275.913523
25.215734,27,1275.976333
29.487121,41,1276.071282
9.409151,43,1276.170213
61.13,189,1276.60521
80.398006,139,1276.92523
-4.552192,13,1276.955383
3.048914,13,1276.985603
20.382085,39,1277.075788
44.003267,87,1277.278624
75.655878,110,1277.533617
33.154032,47,1277.643477
48.258745,139,1277.967805
22.557002,36,1278.051452
115.041153,223,1278.57148
266.005926,1000,1292.139016
31.284739,29,1292.206452
116.905558,330,1292.969453
-5.991291,22,1293.020647
34.91773,32,1293.094959
0.60098,66,1293.248145
23.445432,42,1293.345646
101.664083,153,1293.700351
188.370718,1000,1307.139376
37.878804,76,1307.315102
68.366043,69,1307.475008
80.993502,63,1307.620282
15.136386,22,1307.671811
12.134089,91,1307.884197
45.212501,70,1308.047617
-27.93663,63,1308.194946
88.325857,107,1308.441896
62.90544,56,1308.570545
9.782743,79,1308.752396
30.915059,68,1308.909699
177.512829,1000,1322.609725
30.757986,25,1322.668639
-47.361538,139,1322.991332
63.98119,70,1323.153673
-4.979229,44,1323.254329
7.40245,183,1323.675731
11.064933,23,1323.729154
3.186858,18,1323.770436
74.184815,64,1323.918098
113.890758,80,1324.101764
70.615,143,1324.430028
6.202254,13,1324.460266
50.601977,121,1324.736754
47.743874,305,1325.433467
48.611021,58,1325.568137
31.912652,150,1325.915325
64.114421,185,1326.342351
-2.693613,32,1326.417009
34.234622,85,1326.616194
9.301831,17,1326.656682
15.528489,27,1326.720311
111.123678,117,1326.991994
149.916788,204,1338.598889
22.17379,94,1338.815514
-0.325108,13,1338.845425
25.094159,48,1338.956231
68.304812,70,1339.118169
-10.381404,60,1339.255924
8.183237,17,1339.295509
12.170061,18,1339.336967
180.491679,1000,1341.661795
68.302402,96,1341.883334
9.246185,56,1342.013177
26.312755,82,1342.203434
28.077991,23,1342.256502
-11.205199,85,1342.453243
29.867697,50,1342.569826
192.160538,1000,1356.12221
32.285674,110,1356.386169
-3.886493,16,1356.423955
74.357864,79,1356.608364
18.445091,22,1356.660033
17.579864,85,1356.858493
-2.717083,15,1356.893663
45.279634,65,1357.044059
6.422831,30,1357.113794
25.250519,60,1357.252878
66.906636,69,1357.413761
6.0709,51,1357.532321
51.641434,138,1357.853213
33.202503,35,1357.93401
21.479678,15,1357.9691
17.630344,84,1358.163563
5.728468,120,1358.442642
24.152515,83,1358.636072
51.147021,74,1358.807776
71.840611,117,1370.197683
89.068503,147,1370.536744
112.041909,269,1371.163952
17.338154,25,1371.222835
33.163786,84,1371.420089
91.993292,58,1371.556415
227.056047,1000,1373.894455
63.531345,117,1374.16838
169.687876,155,1374.52344
39.913304,26,1374.583146
2.549612,58,1374.716322
-11.304095,161,1386.19391
43.205174,89,1386.400587
247.538893,1000,1388.737105
31.074948,34,1388.817948
41.9143,38,1388.907716
12.233428,28,1388.973601
-17.654552,41,1389.071053
86.744435,180,1389.492828
-65.160122,146,1389.831196
36.609456,27,1389.894118
75.974286,194,1390.345708
242.221502,1000,1403.681347
2.665304,50,1403.797512
47.528777,68,1403.954836
24.766221,50,1404.070467
46.264115,103,1404.304418
273.214211,1000,1417.72284
33.23257,195,1418.180962
74.868875,102,1418.419701
165.5172,277,1419.069605
93.219752,164,1419.451213
19.782751,192,1420.7672
72.852174,421,1421.740151
7.115907,30,1421.809857
54.256983,101,1422.044751
70.529134,40,1422.137572
6.176488,77,1422.316651
16.04332,44,1422.418735
50.484748,68,1422.576789
11.202497,37,1422.662614
226.063956,1000,1436.262621
79.67848,253,1436.844903
59.098255,56,1436.973043
92.309394,90,1437.179059
90.969848,113,1437.437357
38.969659,82,1437.626975
56.502673,112,1437.887044
184.891749,272,1438.520848
26.66653,51,1438.639463
29.153481,39,1438.730788
143.153417,160,1439.101513
111.224038,169,1450.772087
128.551438,118,1451.044876
180.221791,158,1451.409197
11.676633,20,1451.454597
35.468364,68,1451.609334
35.811025,65,1451.757287
315.289994,431,1452.748118
205.696881,1000,1455.489635
296.02523,1000,1469.099452
11.706686,20,1469.146422
35.329587,76,1469.322438
20.535012,49,1469.43605
58.277593,59,1469.573234
63.89049,127,1469.867497
12.6975,20,1469.914631
61.079281,105,1470.157842
53.119675,167,1470.544237
81.537781,140,1470.867593
51.649368,98,1471.09505
180.282955,1000,1484.702652
43.293798,42,1484.79994
-4.910177,52,1484.918196
53.386142,44,1485.018287
99.10223,124,1485.302643
174.791079,275,1485.936243
-58.995277,149,1486.279009
89.675952,108,1486.527269
117.343497,309,1487.236185
62.656094,266,1499.07778
43.023953,126,1499.371902
54.372008,116,1499.643591
212.272337,307,1500.36025
346.96399,1000,1502.699748
178.626701,138,1503.019234
15.160272,135,1503.332934
45.728328,136,1503.649937
341.396878,1000,1517.178107
9.484739,26,1517.238766
6.01796,75,1517.413897
56.358112,140,1517.740223
21.18252,92,1517.952745
106.693281,97,1518.17767
74.030447,53,1518.299158
9.890805,9,1518.320308
143.151013,230,1518.848911
34.142066,40,1518.941298
31.628189,190,1519.377299
71.694095,62,1519.520258
166.603536,106,1531.050123
191.741686,1000,1533.399858
54.041066,162,1533.779229
192.553701,178,1534.192634
12.484967,41,1534.289041
256.088085,1000,1547.869525
75.694231,118,1548.146469
89.182112,53,1548.27119
18.826022,30,1548.341915
293.133244,1000,1550.686074
-31.162491,256,1551.280025
25.415724,43,1551.380656
18.811154,25,1551.439252
45.394106,45,1551.544397
309.685026,1000,1565.054386
11.602576,19,1565.099331
4.392872,13,1565.129768
12.227768,21,1565.178108
54.268103,33,1565.254708
43.904545,74,1565.425462
29.925476,45,1565.530698
12.492616,58,1565.665276
68.911656,92,1565.877985
9.762586,62,1566.020648
16.328455,15,1566.055011
45.129604,98,1566.27888
118.31259,136,1566.59171
47.21188,179,1567.001482
20.678189,27,1567.063452
9.26527,13,1567.093238
313.909133,1000,1580.620558
134.442653,115,1580.890659
47.564321,56,1581.022601
351.377129,1000,1583.360538
308.357145,1000,1596.876583
148.164079,234,1597.410504
333.034876,1000,1610.830485
163.248543,188,1611.265671
90.317291,158,1611.635705
25.196824,31,1611.708842
153.029772,130,1612.008951
9.898177,21,1612.057783
78.593972,114,1612.321722
313.7315,1000,1638.005047
16.731198,15,1638.040604
88.924807,145,1638.376986
336.61463,1000,1651.987566
47.54926,112,1652.246905
79.97852,88,1652.451725
93.427278,55,1652.579986
39.609697,83,1652.773054
131.053925,145,1653.109775
109.659902,171,1653.504132
94.57965,90,1653.712222
67.614049,88,1653.915583
155.000331,201,1654.377535
92.637972,114,1654.639522
46.583019,48,1654.749944
85.419765,193,1666.356164
28.406688,50,1666.473125
67.789031,192,1666.919755
60.705256,85,1667.117149
29.983329,45,1667.221678
111.819146,108,1667.474444
291.160741,1000,1669.812644
92.488455,267,1670.4365
59.061739,77,1670.616086
384.305074,1000,1684.232141
140.822897,190,1684.670013
106.989776,206,1685.151571
39.030546,44,1685.254342
151.728792,165,1685.641872
336.104979,1000,1699.182205
121.346984,124,1699.467336
153.551724,172,1699.865338
4.490017,12,1699.892828
165.997147,275,1700.525331
15.444136,332,1701.292058
108.675498,102,1701.527455
110.299159,304,1702.233582
537.463224,795,1715.240223
39.552903,35,1715.321663
11.007629,28,1715.386161
53.593022,49,1715.498586
54.227428,81,1715.684464
115.808212,291,1716.35697
74.104924,149,1716.704647
266.969454,358,1717.5318
128.480082,192,1717.976812
82.211965,77,1718.156181
101.07224,90,1718.364816
16.607846,24,1718.420677
82.518897,52,1718.541837
493.168643,1000,1731.950831
63.403339,81,1732.138774
222.403004,218,1732.643318
124.545161,191,1733.083326
19.723944,107,1733.32979
114.219849,482,1734.450903
6.174738,15,1734.486006
377.562613,1000,1747.931688
41.711891,196,1748.382304
8.690119,14,1748.414653
396.086194,1000,1761.974416
79.166581,319,1762.718172
401.100552,1000,1765.052563
240.615672,258,1765.649872
118.304351,129,1765.949511
272.08176,267,1777.672613
292.950657,1000,1779.974867
287.212167,502,1781.144218
432.520482,1000,1794.717828
105.804398,118,1794.993567
305.730765,608,1796.402382
159.332782,168,1796.792224
83.872211,92,1797.005029
277.109871,491,1798.139478
119.795231,290,1810.015462
524.042772,500,1811.168802
131.03752,332,1811.936022
442.981546,1000,1814.26789
21.042743,40,1825.540528
377.977562,1000,1827.881166
181.601223,251,1828.460564
218.165235,246,1829.02423
76.125119,41,1829.118073
176.810712,154,1829.470572
271.369075,419,1854.226564
224.187971,315,1854.944579
40.60873,142,1855.269094
126.472664,173,1855.663476
70.93704,215,1856.155684
363.00426,643,1857.645104
123.997961,91,1857.857968
573.692606,1000,1871.330698
111.212312,163,1871.707531
181.347133,268,1872.326415
498.612217,1000,1885.926292
84.837863,70,1886.090137
78.49205,311,1886.802944
66.756947,107,1887.046041
259.377746,270,1887.662093
59.224256,47,1887.769448
40.22487,43,1887.86917
610.213551,761,1889.619205
633.96662,1000,1903.11583
57.434785,55,1903.244206
140.174612,234,1903.786348
37.714478,25,1903.843975
250.570249,233,1904.378407
51.27379,38,1904.46567
253.999994,247,1905.03421
63.756703,52,1905.152
383.43037,1000,1918.605356
27.53252,15,1918.640513
109.608955,99,1918.868628
65.320074,63,1919.012456
205.179973,184,1919.434615
466.451239,1000,1921.75671
265.176773,381,1933.947719
61.014314,67,1934.103644
154.336908,150,1934.452093
34.922052,37,1934.538271
76.323625,167,1934.927427
118.569739,119,1935.205021
17.385766,22,1935.256407
93.248389,90,1935.468423
497.032578,1000,1937.804301
277.876364,285,1938.460288
134.602919,122,1949.861333
120.045062,103,1950.097241
181.505256,124,1950.38078
213.134689,157,1950.741728
441.092928,1000,1953.070848
252.58661,319,1953.79982
471.98553,1000,1967.344656
82.24325,71,1967.509659
197.509864,248,1968.082258
439.780365,1000,1981.668703
153.295845,133,1981.974707
335.998554,328,1982.733935
38.896467,416,1983.696529
418.196637,1000,1986.002373
202.556203,446,1998.192508
463.26474,1000,2000.513104
69.125872,316,2001.242726
738.428004,891,2014.469579
82.646747,103,2014.70865
46.408281,66,2014.861651
91.774248,95,2015.082513
316.824307,476,2016.187009
301.536784,345,2016.985087
200.647627,308,2017.697646
67.246521,92,2017.911718
65.064092,52,2018.032552
140.561982,179,2029.717508
80.910362,94,2029.938905
61.034367,67,2030.09532
34.181812,45,2030.199643
373.783461,1000,2032.531454
309.678033,411,2033.482127
219.498242,277,2034.12577
272.416996,444,2048.236401
313.187966,1000,2050.524908
139.566289,121,2050.803836
67.894593,109,2051.054591
554.44689,1000,2064.554059
377.992464,562,2065.847332
206.026121,231,2066.378501
67.462749,47,2066.48762
30.506878,88,2066.689547
514.395589,1000,2080.326753
280.87523,278,2080.965541
187.856976,216,2081.454701
380.831483,432,2082.441652
35.885415,27,2082.503705
60.240197,38,2082.591775
442.897045,1000,2096.027544
266.111779,513,2097.200855
192.835854,187,2097.631559
563.249059,1000,2111.245418
332.57876,315,2111.970165
114.786198,205,2112.440898
464.709087,1000,2114.748538
322.218655,299,2115.436836
66.542958,52,2115.556063
196.73728,210,2127.266065
56.906658,56,2127.394549
468.93364,1000,2129.70126
40.237403,281,2130.354388
551.544943,698,2146.902359
19.550321,56,2147.032039
349.238572,360,2147.854553
56.251758,83,2148.044537
134.540595,232,2148.57181
61.971609,61,2148.711402
5.813979,21,2148.759584
94.546436,116,2149.025937
652.392574,781,2150.810438
512.705947,1000,2164.340038
491.38125,736,2166.034334
601.489553,1000,2179.448143
512.423814,1000,2181.767783
519.321443,1000,2195.231349
263.792133,380,2196.103149
166.546404,297,2196.793004
437.594668,495,2197.933876
612.145851,1000,2211.433862
462.644125,1000,2213.766149
23.485704,28,2213.831571
463.106551,1000,2227.219679
8.603374,28,2227.285336
474.256195,1000,2229.620936
441.021216,1000,2243.047537
225.06686,351,2266.522212
379.83132,404,2267.45351
94.429299,83,2267.643557
791.019768,1000,2281.219431
36.263827,53,2281.342597
412.022216,408,2282.271966
753.609452,1000,2284.580642
268.573489,282,2285.226344
462.684231,1000,2298.711524
221.908063,228,2299.234945
154.111418,149,2299.578671
241.323476,253,2300.164149
37.086247,45,2300.266327
606.440203,1000,2313.776711
952.086502,943,2315.949219
312.696892,452,2316.991544
762.094495,1000,2330.421103
797.578509,713,2332.07186
715.483515,1000,2345.620007
618.114176,1000,2347.93208
210.525477,171,2348.327454
686.9813,1000,2361.768182
394.907196,562,2363.077174
547.523651,1000,2376.553609
138.328609,118,2376.828321
642.926196,538,2378.064201
253.939716,221,2378.571223
601.592567,1000,2392.13755
459.986578,353,2392.946133
277.267455,231,2393.475325
644.928411,1000,2395.781662
569.637393,449,2407.996831
432.357457,515,2409.18491
188.187024,292,2409.862029
450.826246,317,2410.592499
472.263049,427,2411.569132
34.611487,44,2411.669842
124.911498,96,2411.888591
67.817384,102,2412.12282
632.09717,819,2425.19186
725.159423,1000,2427.518107
933.900067,812,2440.553286
67.770059,61,2440.693188
91.25142,41,2440.788745
462.561221,1000,2443.11345
117.483839,140,2443.433226
576.435978,1000,2456.786273
795.914017,1000,2481.512908
1168.76729,988,2495.017303
5.880839,25,2495.07479
752.236583,821,2496.971281
648.625443,584,2498.322337
521.980255,396,2510.304621
296.078516,258,2510.90353
115.172004,112,2511.162651
75.97433,102,2511.395354
308.492747,250,2511.967919
72.129667,85,2512.161457
122.533555,113,2512.419997
139.549804,139,2512.739903
133.428503,104,2512.979498
674.548713,1000,2526.49619
965.653514,1000,2528.815016
802.79117,1000,2542.280847
266.840463,261,2542.883703
110.621036,105,2543.124502
1047.830271,1000,2545.45314
64.51566,43,2545.5533
249.673919,162,2545.922513
552.252289,444,2558.172735
656.570737,1000,2560.496749
44.145706,61,2560.640405
2.016681,10,2560.663632
113.998237,95,2560.885352
714.018479,1000,2574.439515
279.169971,488,2575.559946
388.681394,373,2576.420805
665.223386,574,2577.766363
516.412398,1000,2591.346423
93.999379,66,2591.499433
445.876756,449,2592.534901
712.439984,639,2594.014202
221.200213,300,2606.189706
108.053757,81,2606.380304
420.009045,356,2607.21031
203.913302,179,2607.623753
154.695484,98,2607.852733
13.008729,10,2607.876181
237.477883,201,2608.340216
90.749607,133,2608.647884
746.452411,631,2610.118031
952.855267,840,2623.273881
174.694426,137,2623.590218
904.137495,1000,2625.899952
656.059287,1000,2639.396402
673.039664,1000,2641.714894
543.947557,599,2654.350995
613.863597,1000,2656.66161
4.724458,16,2656.698791
874.797708,643,2658.184609
270.90728,239,2669.905345
331.634471,249,2670.485534
217.170659,212,2670.978279
519.831519,429,2671.972594
203.993819,178,2672.38584
511.985702,1000,2697.296738
965.25398,733,2698.98318
1079.096295,1000,2701.286948
372.082944,291,2713.163933
14.783191,16,2713.201297
162.092802,131,2713.503179
20.417177,13,2713.533102
186.747955,152,2713.886317
116.846864,108,2714.135962
676.20424,1000,2716.461572
120.436562,71,2716.627329
239.435892,183,2717.046323
594.00551,485,2729.404564
1228.187526,1000,2731.702356
1202.867827,1000,2745.264536
569.220311,583,2746.615032
245.041807,195,2747.06574
229.164476,152,2747.419089
901.203078,765,2749.200132
288.18436,201,2760.918738
703.51343,1000,2763.248741
682.813388,1000,2776.828842
613.746648,466,2777.910022
920.4976,765,2779.690786
697.749659,598,2781.071333
1092.933278,1000,2794.609893
220.849961,152,2794.959579
650.175537,1000,2797.285105
304.9041,204,2809.069757
480.750821,427,2810.068507
1197.331759,1000,2812.37263
569.720361,1000,2825.815843
460.807213,293,2826.497302
894.541426,1000,2828.812133
532.653154,510,2841.196049
142.327951,213,2841.684347
119.305411,92,2841.896888
61.253811,55,2842.024233
789.434496,1000,2844.355239
587.859073,1000,2857.678895
428.033946,395,2858.58863
531.154486,399,2859.512293
174.989185,152,2859.862656
804.81765,1000,2873.239593
701.059178,1000,2875.58255
216.809636,151,2875.936433
813.228737,1000,2892.165667
629.358741,1000,2894.479633
63.591411,52,2894.598176
14.811354,24,2894.653105
376.721305,516,2906.937171
142.990994,112,2907.194362
166.079643,131,2907.493746
573.028595,605,2908.877511
443.148232,346,2909.669407
507.353423,434,2910.65811
783.49076,1000,2924.134527
323.174268,318,2924.869371
909.911664,1000,2938.367244
517.701597,301,2939.05725
117.336704,74,2939.228449
281.164281,206,2939.702077
55.084904,49,2939.815456
1208.732162,1000,2942.128887
885.424761,1000,2955.607182
266.335296,209,2956.09355
240.217179,155,2956.446642
338.695024,274,2957.07798
665.935471,1000,2970.66761
12.574925,15,2970.703086
41.41942,49,2970.817563
98.998683,100,2971.051071
252.595041,183,2971.474997
585.184441,1000,2973.784796
151.388913,132,2974.086503
293.435639,257,2974.680765
677.702572,537,2987.108342
1206.247831,1000,2989.395832
831.714241,583,2990.736356
147.322125,103,3002.228188
788.132288,1000,3004.54739
153.338738,160,3004.914491
425.117236,369,3005.760751
774.12489,1000,3019.203591
752.956492,1000,3021.527621
1363.247921,1000,3035.050914
523.197833,320,3035.787639
1067.523957,982,3038.039055
857.330588,1000,3051.513115
601.886889,1000,3053.844364
843.950538,1000,3067.336138
358.525814,247,3067.908973
713.914919,1000,3070.218835
644.835329,397,3101.050485
225.00852,196,3101.498393
259.498734,227,3102.017042
944.573864,1000,3104.324206
940.877895,759,3117.205533
936.067857,1000,3119.507881
172.379615,125,3119.794828
793.481268,1000,3133.180715
216.654229,146,3133.518193
249.669436,185,3133.941736
1489.636335,1000,3136.239849
739.064194,1000,3149.835851
755.236872,508,3150.996033
561.122489,356,3151.810668
269.773513,178,3152.216196
913.510755,1000,3165.630887
380.934473,326,3166.37659
572.839974,425,3167.35146
864.462695,1000,3180.732713
436.306382,305,3181.432994
1287.744368,1000,3183.721847
693.627686,1000,3197.289511
574.485669,448,3198.322886
844.157522,621,3199.752381
825.320661,1000,3213.184448
57.698432,45,3213.288968
594.761821,1000,3215.602969
469.634747,372,3227.579221
143.456737,78,3227.758245
643.085735,1000,3230.073146
936.398615,1000,3243.597946
1300.278915,1000,3245.8991
8.500716,13,3245.929877
945.851584,739,3247.641827
1419.71105,932,3260.871242
1352.056731,1000,3263.165049
584.884089,427,3275.273884
617.779924,417,3276.231953
872.507393,618,3277.658967
1155.503205,807,3279.522844
191.54092,129,3290.895244
735.780193,1000,3315.791703
1276.003736,1000,3329.513347
669.120818,1000,3331.834494
606.241985,421,3332.801095
594.320548,555,3334.073987
621.849013,467,3346.343535
1170.142349,1000,3348.650008
1330.690681,1000,3362.173247
390.600677,283,3362.82768
1047.532267,1000,3365.149377
1330.125309,1000,3378.665996
1127.309307,797,3380.525284
1241.641787,1000,3393.968875
896.545847,1000,3396.305452
677.042027,486,3397.418719
883.472748,744,3410.272235
1266.217771,1000,3412.567238
1413.632058,1000,3426.180217
273.689407,133,3426.486028
754.147084,1000,3428.805793
773.355887,591,3441.319762
634.148211,1000,3443.632592
1321.841184,1000,3457.259953
1025.992277,759,3458.994658
433.740942,306,3459.695446
1246.82846,1000,3473.145706
1361.403226,1000,3475.449412
274.702163,303,3476.144982
67.409865,43,3476.243865
1379.332669,1000,3489.654115
193.465448,170,3490.044833
839.787733,658,3491.546125
460.243755,382,3492.419148
848.052559,668,3505.179715
1344.784326,1000,3522.235862
749.667999,1000,3535.809034
155.866078,107,3536.058875
210.237713,162,3536.432418
346.652404,271,3537.052982
196.10546,138,3537.371181
702.598923,484,3538.488834
377.834841,248,3539.063806
346.584341,221,3539.573006
76.801061,43,3539.672072
715.088031,1000,3553.105604
131.810357,100,3553.337914
489.294179,356,3554.159048
1491.613028,1000,3567.691557
1339.106017,1000,3569.993351
437.746633,273,3570.626315
659.615956,1000,3584.200056
478.147338,316,3584.92946
1493.351219,1000,3587.212519
862.443035,1000,3600.73525
1338.142568,1000,3603.04511
826.505174,1000,3616.566127
632.021831,1000,3618.891452
752.744234,1000,3632.51453
60.018057,37,3632.600764
1050.972639,680,3634.167395
732.386838,1000,3647.751083
682.58415,452,3648.792716
1290.715847,1000,3651.079633
1421.853143,1000,3664.597809
122.518731,136,3664.912997
1449.567038,1000,3667.228427
1436.762041,1000,3680.760971
222.890209,194,3681.210022
1185.284189,883,3683.245758
120.79551,100,3683.476346
1171.935411,1000,3697.019303
81.898723,89,3697.224633
973.743397,1000,3699.540735
14.276727,32,3710.819752
1051.300284,1000,3713.146386
236.964478,172,3713.542568
702.934775,1000,3728.62379
1060.210322,1000,3730.919729
818.048053,581,3732.24515
1448.774037,1000,3745.644201
876.533403,618,3747.063639
119.316887,95,3747.285493
1544.009552,1000,3760.795614
637.777249,1000,3763.102413
629.037845,401,3764.019027
149.095877,128,3764.312762
1620.506075,1000,3777.811986
1056.087439,1000,3780.133965
874.213009,568,3792.680496
609.928685,429,3793.660127
709.251092,1000,3795.962648
427.78882,282,3807.822216
112.715244,51,3807.940031
457.232844,315,3808.665086
768.75462,546,3809.927976
782.172458,1000,3812.245775
635.886204,439,3824.456331
674.539093,363,3825.290787
1170.314421,1000,3827.589388
42.678834,32,3827.664248
676.437621,511,3840.103112
707.261622,1000,3842.443522
504.348864,308,3843.162344
377.986657,233,3843.701567
300.313503,203,3844.172282
185.701195,120,3844.450972
1485.453204,1000,3857.909094
709.766447,487,3859.023517
1090.030653,615,3871.836011
1255.043886,838,3873.767325
685.012658,455,3874.820544
928.228184,1000,3888.33663
135.409092,109,3888.59137
357.669317,239,3889.143953
938.89648,612,3890.541905
653.472835,450,3891.570602
666.14401,522,3904.137623
1567.961601,1000,3906.427089
1117.974362,704,3908.035796
1544.62697,1000,3944.069719
1065.864726,1000,3946.382164
697.734533,1000,3960.094999
824.228726,1000,3962.428355
1354.413998,1000,3975.977722
844.809709,491,3977.10651
1070.73336,1000,3990.722506
1163.798967,700,3992.332432
610.644006,1000,3994.655673
942.363083,1000,4009.077158
757.906091,1000,4011.400847
562.928963,375,4023.463888
327.324654,231,4023.991858
774.579167,455,4025.047778
207.901785,130,4025.351588
645.05572,518,4026.555044
959.232228,630,4039.102228
445.152993,305,4039.802951
712.762924,461,4040.86272
477.720007,251,4041.443834
1110.441393,1000,4054.993961
612.544217,404,4055.925111
762.726633,560,4057.224473
462.414729,306,4057.930274
853.320593,552,4059.192337
643.437003,1000,4072.711709
1480.729593,1000,4075.004508
1450.738317,1000,4088.40891
154.406237,103,4088.648393
204.237511,112,4088.905908
760.143275,1000,4091.232286
721.849951,1000,4104.713299
706.776992,1000,4107.023378
902.803758,1000,4120.548121
55.520483,66,4120.699178
1117.051857,719,4122.359105
411.585644,266,4122.971714
154.559203,116,4134.367191
854.710769,590,4157.623734
1636.641529,1000,4159.93777
59.465082,31,4160.01068
1755.78515,1000,4173.627193
1516.413147,1000,4175.917839
842.517328,520,4188.326978
1767.354644,1000,4190.630718
958.985444,1000,4204.15133
204.49849,127,4204.451062
274.110579,164,4204.836377
697.627229,1000,4207.161654
1799.056071,1000,4220.497137
1075.210397,1000,4222.817296
115.24258,70,4222.979913
1488.917085,1000,4236.481478
1742.481599,996,4238.778641
779.996657,1000,4252.261824
1256.43593,725,4253.946216
1287.214662,825,4255.84121
1079.153385,1000,4269.164843
130.576896,94,4269.38362
13.852037,30,4269.45242
98.02908,53,4269.575853
164.850256,92,4269.791419
586.546709,1000,4272.126545
668.479547,389,4284.19929
390.001151,226,4284.715249
660.215615,420,4285.67861
128.996464,79,4285.858623
819.648661,472,4286.936517
1770.997061,1000,4300.352216
1647.623949,1000,4302.654122
1530.479429,1000,4316.084257
100.540119,91,4316.294445
1541.398703,1000,4318.597131
1354.744817,732,4331.486609
920.893791,551,4332.756084
481.490189,251,4333.334256
1742.756236,1000,4335.642405
1325.528757,806,4350.023007
1758.00437,1000,4352.342427
1676.420701,1000,4365.739857
-0.632796,10,4365.763491
1525.191848,1000,4368.08356
732.085295,404,4380.261759
1780.508255,1000,4382.557663
506.977683,280,4383.204466
511.126952,344,4383.994799
695.954818,463,4396.386324
426.285984,245,4396.952481
1633.046681,1000,4399.260313
64.307026,43,4399.359607
737.465139,485,4400.474954
122.178852,81,4400.663243
918.892527,615,4413.359508
1177.35779,715,4414.999452
746.034492,434,4416.001558
945.265548,1000,4429.405452
1101.598354,630,4430.869669
259.908175,217,4431.369509
46.796582,22,4431.420465
1699.322036,1000,4444.814835
1500.852144,822,4446.712803
1009.686757,597,4448.088942
439.318623,269,4459.69734
541.683808,297,4460.388966
1384.236437,1000,4462.725869
714.965063,1000,4476.138508
1127.380139,1000,4478.446307
821.621975,450,4479.488593
1744.450479,1000,4493.109501
275.845963,164,4493.488819
1113.617263,671,4495.036747
1415.698801,857,4508.455172
52.027086,28,4508.520689
668.588695,1000,4510.825833
1359.813873,1000,4524.516993
351.406395,283,4525.169715
567.55949,323,4525.911845
198.037594,123,4526.193742
713.856874,1000,4539.873304
626.181495,1000,4542.189884
552.616785,318,4557.145397
41.460531,22,4557.196025
1675.864428,1000,4570.770389
1414.423767,791,4572.600054
324.550036,180,4573.020573
1803.114981,1000,4586.782756
1296.65654,1000,4589.092503
1279.357282,750,4590.812267
919.241815,548,4603.572016
916.556164,1000,4605.884451
949.071498,494,4607.029941
1598.725881,1000,4621.134588
1143.111331,657,4622.657229
885.847164,1000,4636.422871
665.202569,349,4637.223382
689.138677,391,4638.118308
1208.643666,689,4639.706409
313.432897,157,4651.279994
1156.308129,1000,4653.59482
533.905759,261,4654.191942
422.055982,215,4654.683549
24.453072,29,4654.751548
1055.79907,1000,4668.317007
1741.538702,1000,4670.631681
521.236711,288,4671.290649
313.467195,182,4671.714819
280.970132,159,4683.363401
550.887023,279,4684.009112
60.861621,46,4684.114453
719.747935,376,4684.984857
1840.947666,1000,4687.284556
691.891272,375,4699.368536
1435.547585,1000,4701.673048
436.525243,305,4702.381855
692.30757,1000,4715.856173
1123.006829,1000,4718.159031
1678.756661,831,4731.20289
703.719766,393,4732.107623
1272.158296,702,4733.74327
1105.385805,660,4735.2843
149.737654,66,4735.435484
575.856052,336,4747.383073
1969.91786,1000,4749.686336
1645.881287,1000,4774.117937
777.644675,1000,4776.449581
1720.627551,854,4789.540591
547.233456,328,4790.298131
1156.732249,1000,4792.620676
1428.415879,841,4805.801431
1237.045885,645,4807.301127
1286.868618,643,4808.786
92.096379,42,4808.883173
835.516968,495,4810.024254
510.986509,251,4821.754698
728.2471,369,4822.611186
163.58841,135,4822.926062
391.670154,205,4823.39886
1007.903188,574,4824.718758
785.285334,1000,4838.130224
423.707363,239,4838.685855
1248.994946,1000,4841.026815
782.146348,397,4853.097121
266.711048,137,4853.411367
1861.456973,1000,4855.71062
1788.486369,1000,4869.237845
1538.752832,846,4871.186563
1935.283094,1000,4873.500866
433.077828,201,4885.154857
1857.340338,1000,4887.459012
1091.514583,564,4888.755324
1511.723161,1000,4902.2744
117.681905,86,4902.470604
779.926053,467,4903.539972
1027.473061,490,4904.673391
55.02175,29,4904.740077
1071.719205,595,4917.384255
68.419862,35,4917.465595
886.366631,567,4918.772052
1214.683293,580,4920.109078
1860.043119,1000,4933.662194
804.921134,437,4934.668168
849.79904,491,4935.802184
202.974613,120,4936.079676
1747.150889,1000,4949.676008
1952.851799,1000,4951.978653
745.165498,1000,4987.302874
270.024749,177,4987.7195
294.690255,178,4988.132327
109.772046,61,4988.273236
763.4103,402,4989.252813
1319.022467,714,4990.895635
47.486171,27,4990.958249
1302.520934,656,5003.614619
145.40077,94,5003.830846
1085.022887,599,5005.208841
714.850122,1000,5018.794395
293.10352,177,5019.204963
1555.096092,861,5021.181617
1423.150181,821,5023.067358
1801.037584,1000,5036.613439
805.50987,485,5037.736034
273.498329,144,5038.069708
836.472185,1000,5051.593421
840.402721,445,5052.634082
829.225377,422,5053.605013
525.595297,293,5054.277132
128.397631,90,5054.484913
196.014127,86,5054.68186
845.43833,1000,5068.242932
153.18902,93,5068.45795
125.909576,79,5068.641306
624.083482,312,5069.360099
1818.892414,1000,5082.786788
669.33469,1000,5085.097047
928.08206,483,5086.207438
1159.881616,1000,5099.803897
353.638047,198,5100.260625
988.002284,1000,5102.568506
2108.040871,1000,5116.112682
985.096324,504,5117.278837
1414.56832,736,5130.292246
262.101767,155,5130.647684
706.101033,392,5131.546545
551.157243,292,5132.215758
1278.306112,1000,5134.532182
1158.962148,1000,5148.117627
718.781063,1000,5150.456122
149.243265,82,5150.647632
1886.256458,1000,5164.142288
1888.190359,1000,5166.469039
69.95014,39,5166.560036
1092.267179,561,5182.911424
1171.029607,1000,5185.232432
465.657684,330,5186.001792
501.790281,303,5197.868583
219.383111,137,5198.181583
1947.384391,1000,5200.467263
475.266392,299,5201.151281
587.977171,350,5201.954401
596.212405,1000,5215.436338
236.079984,168,5215.827015
254.825936,150,5216.176371
70.190284,42,5216.273867
1663.166511,903,5218.34955
840.86565,462,5230.525719
270.579873,147,5230.862486
479.511971,261,5231.464
1409.843097,1000,5233.773017
660.240935,1000,5247.258022
1603.272809,978,5249.494196
1601.991409,808,5262.519176
640.355507,475,5263.606316
1246.166582,1000,5265.901236
887.883681,501,5278.291376
1301.017031,1000,5280.588818
791.48884,1000,5294.163498
244.402402,119,5294.436637
1753.094813,1000,5296.734069
1679.490388,1000,5310.222484
1892.824134,1000,5312.502328
1832.884382,1000,5326.103803
1792.869489,1000,5328.407294
1998.425811,1000,5341.890717
111.895317,54,5342.015556
296.348526,148,5342.352109
1432.643948,679,5343.913605
1839.415369,958,5357.299752
1927.798024,1000,5359.602691
708.132882,1000,5373.151066
188.794891,100,5373.380314
1903.421306,1000,5399.235814
1384.863325,1000,5412.873597
1825.753327,1000,5415.176788
338.66364,172,5415.572959
191.287426,113,5415.834053
1875.284752,979,5429.224016
1779.212653,944,5431.41767
830.246691,1000,5444.956974
377.253686,222,5445.473575
294.960549,168,5445.858546
1457.60202,1000,5448.163294
83.615693,63,5448.30859
195.922908,100,5448.538157
460.971511,268,5460.34156
232.141772,117,5460.612556
353.767742,169,5460.999231
839.536251,1000,5463.300383
486.826061,256,5463.88731
327.663638,185,5464.314869
1641.070231,1000,5477.9103
699.845538,1000,5480.250731
208.748452,136,5480.569128
1005.86741,1000,5494.191097
697.026907,1000,5496.512627
1191.460344,1000,5509.886121
1792.577581,1000,5512.199955
1536.396077,1000,5525.715792
717.67221,1000,5528.046583
659.23808,397,5540.144467
549.491333,262,5540.749974
786.738664,399,5541.666502
821.069434,1000,5543.990193
30.292625,28,5544.055314
504.979116,251,5544.629976
572.899785,336,5556.623344
903.159852,1000,5558.94403
1815.168511,1000,5572.387301
642.181339,1000,5574.710255
801.276149,1000,5588.302245
1070.335037,593,5589.670835
1165.948629,590,5612.421106
708.139449,1000,5625.992892
494.012035,226,5626.514315
1953.375853,1000,5628.816226
644.877461,309,5629.532113
332.49072,188,5641.181115
1808.313267,1000,5643.462282
1835.047224,1000,5656.946942
830.42279,435,5657.945
1807.847609,1000,5660.244807
1980.691583,1000,5673.820836
415.693953,191,5674.262522
1137.351108,1000,5676.597078
491.16523,219,5677.100158
352.51067,145,5677.432827
1891.426406,1000,5690.838487
1497.433598,1000,5693.158882
337.790262,190,5704.830518
464.802885,265,5705.44148
1756.574355,1000,5707.733798
1576.818238,1000,5721.190743
1379.79566,725,5722.867761
81.081285,49,5722.981773
873.024712,1000,5725.302007
2117.604688,1000,5738.805562
709.322655,1000,5741.129531
2064.498298,1000,5754.730594
335.542779,185,5755.159554
1339.961905,650,5756.658862
1004.101127,1000,5770.216561
810.601473,321,5770.953004
2039.869739,1000,5773.258091
2081.102373,1000,5786.739676
183.506276,65,5786.891631
377.559964,191,5787.335679
1886.816908,976,5800.795635
1964.634359,1000,5803.107285
1669.658371,1000,5820.689107
1019.809339,485,5821.802005
1811.065822,814,5823.675193
1930.08597,1000,5837.234464
589.726669,303,5837.939333
1971.305062,1000,5840.227762
2102.237867,1000,5853.823121
824.511871,1000,5856.132812
352.298947,144,5856.46389
649.47024,1000,5869.97894
513.335999,230,5870.509036
827.229876,439,5871.521768
2029.193911,1000,5885.043543
495.269069,202,5885.505197
113.90781,43,5885.603305
929.600199,436,5886.600389
251.560606,97,5886.826106
214.830469,100,5887.059381
631.315733,286,5887.725807
51.172902,25,5887.784336
1345.772103,598,5900.250278
472.126739,289,5900.914066
497.141281,261,5901.51363
2124.068468,1000,5903.812613
585.985112,289,5904.476716
65.038604,38,5904.564348
747.818784,1000,5918.021609
387.106659,195,5918.468103
620.68132,313,5919.18935
408.425997,170,5919.580978
2001.033063,1000,5932.922388
1737.13387,1000,5935.223888
1207.675987,1000,5948.843221
148.837407,66,5948.996041
2184.541334,1000,5951.286482
30.211608,28,5951.351462
783.690415,311,5952.068572
705.835382,1000,5965.452288
1423.34432,1000,5967.758383
1076.440836,1000,5981.127647
1439.341639,1000,5983.435055
966.870121,409,5995.663308
294.678777,137,5995.979982
334.83026,128,5996.276899
543.061605,275,5996.912712
2046.778539,961,5999.12652
226.43781,108,5999.375378
342.560819,141,5999.702442
997.958789,1000,6020.037678
50.280372,35,6020.119168
128.459085,51,6020.236463
97.168618,50,6020.351615
1721.67739,743,6022.079333
1280.545313,1000,6035.565232
505.463908,231,6036.095849
930.459739,1000,6038.41971
2236.45109,1000,6051.892513
86.435339,35,6051.974857
1273.734734,1000,6054.27529
2344.272437,1000,6067.553343
1395.985149,1000,6069.89204
635.64242,1000,6083.374882
265.714147,167,6083.755257
678.1892,1000,6086.064572
974.849198,1000,6099.428854
437.569795,197,6099.881648
160.063262,61,6100.021597
1266.755936,1000,6113.468194
1158.460927,1000,6115.781939
2136.694668,1000,6129.318779
9.4935,11,6129.34434
2148.753092,1000,6131.639444
992.808777,1000,6145.261106
339.072491,146,6145.596884
2048.08891,1000,6147.894416
2225.503925,1000,6161.312048
2149.396599,1000,6163.61612
2080.578497,1000,6176.980716
2301.371929,1000,6179.293289
591.3574,1000,6192.671919
911.861374,423,6193.651509
1369.231832,710,6195.292734
736.828902,372,6196.150519
2099.531774,1000,6231.630666
679.789319,318,6232.369193
2361.856969,1000,6234.67092
804.096095,1000,6248.124367
2193.365784,1000,6250.417452
1803.456124,844,6263.522034
2483.337506,1000,6265.855225
2424.008688,982,6279.21358
1804.841203,843,6281.155178
821.921849,370,6282.010194
1603.289128,1000,6295.764138
346.330192,172,6296.156532
141.564821,69,6296.315519
800.783041,361,6297.140587
182.740366,82,6297.329187
334.055036,154,6297.684922
1567.470173,1000,6311.160996
2064.385897,1000,6313.463653
470.159564,221,6313.969861
2330.663723,1000,6327.62381
2310.949994,1000,6329.917799
916.474111,463,6342.699641
601.171469,250,6343.27184
2045.270285,1000,6345.577938
1411.102668,610,6346.977026
1217.575724,447,6359.460413
1474.326964,620,6360.875592
1722.51955,1000,6363.160474
1261.118554,479,6375.894811
122.473299,44,6375.996184
751.261558,289,6376.655279
2199.58068,1000,6378.960437
2227.017993,1000,6392.789845
2061.528755,874,6394.791937
2252.425377,966,6408.38792
2419.599315,1000,6410.669472
2382.601183,1000,6424.407401
276.819813,110,6424.658268
2355.50965,1000,6449.672944
418.0433,198,6450.127954
838.367904,366,6462.806117
1426.889965,623,6464.251076
1106.116508,1000,6466.59348
2351.066421,1000,6480.252368
744.81767,1000,6482.56832
1160.461163,548,6495.003709
2245.284982,1000,6497.289768
2258.333895,932,6499.441545
1149.831187,544,6511.846866
767.236608,1000,6514.155424
531.415603,267,6514.772939
2229.174557,1000,6528.431263
2733.142594,1000,6530.720016
2445.808928,1000,6544.280988
79.205306,46,6544.386133
2447.906742,1000,6546.674945
2300.268604,1000,6560.170285
2322.045445,1000,6562.458977
2410.195321,1000,6576.046552
576.211744,267,6576.66311
2388.445323,1000,6578.975383
1806.233574,1000,6592.438123
624.458033,225,6592.958349
685.69083,296,6593.639392
930.383973,371,6594.496856
2643.98014,1000,6608.26442
2495.520965,1000,6610.548266
2499.909682,1000,6623.996195
2341.262103,948,6626.176989
2566.062485,1000,6639.642092
13.005084,11,6639.667893
2473.179074,1000,6665.072032
2530.655916,1000,6678.5076
887.500344,1000,6680.810802
2118.262302,890,6694.002127
1461.727564,1000,6696.312914
1295.93737,544,6697.563816
2540.105722,1000,6710.913083
2092.460073,859,6712.889061
2564.783447,992,6726.355154
771.438924,326,6727.106094
2448.483051,1000,6729.401793
1888.657054,699,6742.01119
1418.614528,571,6743.307825
2573.654261,1000,6756.682669
1191.55346,435,6757.677586
2690.388956,1000,6759.961422
1162.413619,1000,6773.46479
2390.015401,1000,6775.751109
2538.733516,1000,6789.15638
1884.162946,1000,6791.44973
1345.594224,1000,6804.877845
1906.487101,1000,6807.158208
2654.278184,952,6820.472621
2330.901196,869,6822.459468
2700.70699,1000,6835.868668
954.60624,374,6836.720074
1616.663676,696,6838.32399
2871.133354,1000,6851.683941
1611.715388,612,6853.078014
2495.765712,1000,6877.101949
1042.71872,411,6889.173917
2397.430559,1000,6891.463461
2669.939631,1000,6904.882689
185.328669,77,6905.058811
719.687598,1000,6907.367919
2429.094683,1000,6920.72141
2611.585815,1000,6923.000937
2754.559975,1000,6936.362975
221.394075,87,6936.563091
729.418152,1000,6938.874451
2768.045888,1000,6952.262125
675.290472,1000,6954.569137
744.915996,300,6955.255952
2663.925148,1000,6968.612785
2390.933076,823,6970.506107
834.752424,336,6971.270497
1923.4937,681,6983.941468
2706.092636,1000,6986.243147
2681.162604,1000,6999.655364
553.773199,203,7000.117792
1475.831237,575,7001.429255
2640.549968,1000,7003.71926
2652.500868,1000,7017.090537
2648.080409,1000,7019.366911
1909.413467,723,7032.253473
2752.307853,1000,7034.529417
2540.286449,1000,7047.958593
2376.169864,869,7049.948032
2854.110436,1000,7063.392083
2806.721996,1000,7065.674393
2740.129807,1000,7100.54134
1724.548832,645,7102.015529
2939.382286,1000,7104.295463
1482.727498,1000,7117.763107
2571.527641,927,7119.895324
3089.456821,1000,7133.278597
1340.773483,502,7134.426064
293.638355,105,7134.665613
2973.732336,1000,7147.941823
2702.192941,1000,7150.219728
1799.438074,644,7151.693232
1078.521144,395,7163.722074
2832.30375,1000,7166.00232
2879.244013,1000,7179.433008
210.244063,76,7179.606919
2890.809484,1000,7181.878834
2374.874847,821,7194.784369
2846.327642,1000,7197.058675
2747.319545,1000,7210.58903
3022.148576,1000,7212.856116
1030.976763,336,7213.616594
1978.392569,708,7226.332057
3083.371213,1000,7228.600857
3097.104434,1000,7241.908983
2610.401289,1000,7244.185781
2894.130981,1000,7246.453919
2823.05373,1000,7259.931875
2967.900411,1000,7262.19957
2913.597458,1000,7275.670222
1278.408848,448,7276.685242
2628.546319,1000,7290.169948
224.934333,70,7290.328072
2915.291239,1000,7314.416584
2855.939,1000,7327.740413
3001.673925,1000,7330.005944
2985.374952,1000,7343.590112
2832.593141,1000,7345.863727
3160.847523,1000,7359.302886
2997.950362,1000,7361.575174
3071.807311,1000,7374.962127
1743.58024,596,7376.316024
3039.815384,1000,7378.601053
1909.586139,672,7391.315873
213.679714,84,7391.506056
3029.937282,1000,7393.773387
487.537824,180,7394.180661
2898.192043,983,7407.523918
77.97373,42,7407.620124
1488.941447,501,7408.75859
1659.376333,535,7409.969825
1819.780686,1000,7423.442404
1000.356175,1000,7425.742842
3026.291938,1000,7439.142409
3009.741178,1000,7441.430073
2080.077945,735,7454.298835
3122.191785,1000,7456.568168
3129.823279,1000,7470.100889
2070.796216,1000,7472.396993
947.139733,314,7473.109386
3112.736583,1000,7486.439179
2849.241915,934,7488.570198
726.036621,1000,7501.885773
2846.724064,871,7525.643393
2912.957917,1000,7539.16644
2652.629991,842,7541.068757
663.114927,205,7541.533031
1561.785343,1000,7554.997426
2378.981579,811,7556.840564
3217.566437,1000,7559.121352
1402.886837,419,7571.218333
3080.264216,1000,7573.484716
863.618675,263,7574.080981
2977.313514,1000,7587.473437
3167.296201,1000,7589.749311
2489.173237,828,7602.683378
3220.342022,1000,7604.948694
3327.269621,1000,7618.289225
1748.140314,1000,7620.572936
2810.185041,1000,7633.997803
435.444276,135,7634.303236
425.064847,205,7634.768572
1332.786257,447,7635.780522
2631.258666,844,7637.692478
2916.472037,1000,7651.199581
3022.39105,1000,7653.455868
718.127529,1000,7666.900172
2209.536907,747,7668.589298
3114.129144,1000,7681.962211
1048.116558,333,7682.71465
1462.257416,461,7683.760222
904.773382,296,7684.428326
3275.669077,1000,7697.778969
3211.200124,1000,7700.039676
3353.652558,1000,7713.456552
1028.579275,300,7714.135993
3240.526157,1000,7737.841191
3274.809577,1000,7751.544259
3215.408175,1000,7753.82063
3179.010999,1000,7767.409143
229.517895,69,7767.578188
3235.356515,1000,7769.85055
1219.745721,360,7781.90376
3145.185571,1000,7784.186434
3239.675636,1000,7797.708824
113.886256,52,7797.827456
1803.777518,1000,7800.118409
3092.857634,1000,7813.718517
3145.432102,1000,7816.033283
3352.141375,1000,7829.713006
3171.286753,1000,7831.99799
2846.054833,1000,7834.272663
3192.699478,1000,7847.853211
2664.554939,1000,7850.116658
2217.326687,747,7863.092352
968.36289,324,7863.826033
3265.733591,1000,7866.089653
3208.076442,1000,7879.661974
1685.647681,537,7880.88631
847.989327,1000,7894.492268
2239.604253,704,7896.083995
3211.395816,1000,7909.642077
1487.453783,464,7910.696875
1909.164469,588,7912.033161
2867.838224,918,7925.439878
3308.025082,1000,7927.711019
2833.852037,878,7946.594242
589.642898,193,7958.352059
3179.539016,1000,7960.626692
3364.062147,1000,7962.902319
2569.11733,744,7975.860839
2854.114274,1000,7978.129244
480.715622,170,7978.513935
3062.268204,1000,7992.067594
368.114948,137,7992.379892
2938.710807,1000,7994.655153
3134.745892,1000,8008.370687
3437.425931,1000,8010.683288
3348.8517,1000,8024.216405
2752.678032,850,8026.137181
1011.636587,286,8026.783643
1791.919189,513,8039.179652
1418.72723,520,8040.357563
3138.246304,1000,8042.622457
3271.390863,1000,8056.241248
3119.74985,1000,8058.508518
3210.804592,1000,8072.076639
3244.487017,1000,8074.34086
3306.221434,1000,8087.978212
2825.142338,1000,8090.252356
1258.852738,1000,8106.488835
2735.248413,776,8108.255502
1158.378842,1000,8121.756793
2067.761139,1000,8124.029896
3346.316459,1000,8137.453215
691.627979,268,8138.063844
3441.993463,1000,8140.332536
3446.713203,1000,8176.459047
426.763086,140,8176.779276
3198.320749,1000,8179.05002
1926.907872,662,8191.923554
2040.474824,640,8193.37514
3232.530523,1000,8206.905446
3371.753769,1000,8209.16043
3342.147545,1000,8222.766975
3385.87008,1000,8225.038501
3122.521944,1000,8227.310891
3299.566976,1000,8240.948062
2961.498619,1000,8243.229203
46.691018,45,8243.332348
3335.026031,1000,8256.912364
1604.21271,1000,8259.190639
660.211225,1000,8272.778715
1418.157209,1000,8275.085072
1491.207067,450,8287.438991
3230.367795,1000,8289.722716
3455.592837,1000,8303.298809
3254.138243,1000,8305.571387
546.293892,153,8305.919635
3363.896415,1000,8319.429711
789.627348,249,8320.000152
3355.295464,1000,8322.271715
3538.946704,1000,8335.870009
1223.539655,1000,8338.159592
1157.575468,345,8338.941095
3122.415223,1000,8352.420574
3067.503707,1000,8354.678903
2843.320785,829,8389.650872
2905.232002,923,8391.745123
3345.35816,1000,8405.277955
187.972969,59,8405.411144
3188.620896,1000,8407.678365
3360.953301,1000,8421.235693
1092.107156,1000,8423.531787
3201.481663,1000,8437.094621
1752.869767,549,8438.344717
3159.262041,1000,8440.609384
3317.554159,1000,8454.118089
3400.232671,1000,8456.384192
1208.01244,1000,8470.033949
2728.41542,779,8471.793033
3287.291437,1000,8485.342033
701.375839,1000,8487.63801
3280.903688,1000,8501.257959
3374.732895,1000,8503.515516
3564.685134,1000,8517.072354
3541.751497,1000,8519.32912
2130.508552,614,8532.119099
2191.45799,658,8533.634965
3674.121259,1000,8535.93601
3486.014489,1000,8549.653595
3473.400919,1000,8551.922553
3119.928507,1000,8565.577656
1003.863217,1000,8567.860425
587.19133,203,8568.325205
3541.460049,1000,8581.828395
3499.163969,1000,8605.866525
1510.952146,1000,8619.35639
3255.647978,1000,8621.626943
3465.132476,1000,8635.273918
3462.456483,1000,8637.536631
3357.650415,1000,8651.149921
1854.579625,1000,8653.434249
3427.064895,1000,8667.078315
3124.697174,1000,8669.350133
2036.030079,1000,8682.914598
792.346425,1000,8685.223682
1498.018682,426,8697.578039
2502.365687,1000,8699.856862
820.778403,1000,8702.15312
3333.924248,1000,8715.882417
1393.896349,398,8716.782418
3322.786261,1000,8730.519855
3212.912498,1000,8732.784381
758.1892,1000,8746.398321
3301.036472,1000,8748.665584
3342.22253,1000,8762.304538
631.120867,1000,8764.603341
3356.239858,1000,8778.183831
1509.925531,470,8779.249262
757.83733,253,8779.823546
3390.83179,1000,8782.089999
3211.531601,1000,8795.79192
3398.267061,1000,8819.73646
3538.485399,1000,8833.387963
3485.269047,1000,8835.650545
3437.038312,1000,8849.259712
3454.945843,1000,8851.527698
3626.781073,1000,8865.132096
3463.242982,1000,8867.405804
1805.785285,523,8879.968934
342.582871,107,8880.212919
3565.234476,1000,8882.470842
3201.617078,1000,8896.100108
3629.717828,1000,8898.364031
3710.452307,1000,8912.147341
2425.23553,678,8913.683689
3756.880443,1000,8915.945646
3489.852626,1000,8929.544327
667.578621,1000,8931.839241
2450.924007,1000,8945.479852
1319.508655,395,8946.37879
1309.118939,393,8947.269136
3244.439279,1000,8960.949058
2254.634766,616,8962.342886
1690.12835,1000,8976.024341
3683.550373,1000,8978.298182
3011.851736,1000,8991.920039
3495.031374,1000,8994.18645
3415.943783,1000,8996.450912
3597.047471,1000,9010.124424
3588.964729,1000,9034.702813
877.770393,245,9046.560154
3448.6759,1000,9048.82153
3624.255485,1000,9062.650449
3141.517999,1000,9064.914988
734.008297,1000,9078.646709
3395.141915,1000,9080.90321
3457.845796,1000,9094.636194
3778.043128,1000,9096.897877
3810.734577,1000,9099.176332
3564.908805,1000,9112.81546
3397.657871,1000,9115.090104
1544.295975,429,9127.467921
746.616389,221,9127.966507
94.987339,46,9128.070543
3568.111747,1000,9130.329509
3542.609056,1000,9143.883814
1654.501924,472,9144.951835
3573.490691,1000,9158.489516
3623.769266,1000,9160.751658
3628.906062,1000,9163.009315
1728.192541,483,9175.438641
2675.800634,1000,9177.745143
2722.10477,1000,9191.361355
3744.127368,1000,9193.62296
2942.979632,1000,9207.180173
3679.776991,1000,9209.449638
3600.006941,1000,9223.138616
3674.054703,1000,9225.402765
2984.641114,795,9238.457396
3676.49902,1000,9262.649243
3614.258932,1000,9264.91525
3339.238855,1000,9278.643289
3797.044402,1000,9280.909743
3604.445505,1000,9294.426434
3629.519623,1000,9296.701081
3843.687336,1000,9310.316461
3712.48179,1000,9312.580719
3788.089698,1000,9326.213333
2755.152012,1000,9328.471354
3797.289452,1000,9342.002903
1824.884599,502,9343.137865
98.762049,39,9343.22675
3617.977324,1000,9356.837306
1593.466777,449,9357.849415
3947.316542,1000,9360.107646
642.600114,190,9360.53678
3698.136858,1000,9374.160798
3727.120077,1000,9376.410427
3787.384589,1000,9389.940537
1556.485363,1000,9392.211963
4009.165205,1000,9405.793239
3387.292329,1000,9408.062386
3882.394835,1000,9421.601763
3921.760488,1000,9423.855097
3607.386067,1000,9437.491338
3627.364639,1000,9439.751724
3675.489009,1000,9453.403573
3826.723911,1000,9477.848509
1200.247553,317,9478.577101
3693.262642,1000,9492.223014
3631.282033,1000,9494.484729
3826.773742,1000,9508.067943
3695.537053,1000,9510.329687
3793.49704,1000,9523.980374
3472.245645,1000,9526.260828
3676.929446,1000,9539.98797
2483.35522,650,9541.462053
3651.684118,1000,9555.092172
3471.73621,1000,9557.34128
3759.50777,1000,9570.979508
3800.576934,1000,9573.245327
3602.215383,1000,9586.860837
1301.416494,360,9587.673424
4037.813388,1000,9589.930765
417.981825,111,9590.180843
3842.642481,1000,9603.854967
3797.14023,1000,9606.122712
327.714448,85,9606.316963
3970.153871,1000,9619.91371
3684.217647,886,9621.916305
3774.205225,1000,9635.62104
3897.002696,1000,9637.879153
3969.2668,1000,9651.485034
3867.714029,970,9653.674669
4026.998594,1000,9667.2518
3674.12809,1000,9687.032389
3665.404968,1000,9700.644507
3840.11738,958,9702.80643
3914.514887,1000,9716.489833
3038.864691,1000,9718.758746
3926.134101,1000,9732.36961
3807.274061,1000,9734.643034
670.369643,172,9735.037997
3915.473669,1000,9748.77376
4061.381747,1000,9751.025311
3743.434327,1000,9764.718643
1934.413427,559,9765.976779
1798.321914,438,9766.966699
1221.740007,1000,9780.583976
2410.865504,634,9782.028988
3714.294191,1000,9784.287618
2911.508112,1000,9797.947723
2393.301278,1000,9800.21579
3503.847226,923,9813.759006
11.900949,11,9813.784061
3644.151413,1000,9816.061263
1841.816576,455,9828.48757
1406.421601,393,9829.387116
635.194172,167,9829.770406
3640.133682,1000,9832.037264
2294.470743,580,9844.623256
1032.679195,273,9845.240342
3644.979065,1000,9847.50502
3802.330743,1000,9861.109544
126.752123,56,9861.236804
381.491197,108,9861.481544
53.958791,24,9861.541164
3756.963738,1000,9863.801343
3835.939782,1000,9877.272642
3772.451337,1000,9901.753376
3297.870128,1000,9915.456385
663.620283,1000,9917.76557
3615.473052,1000,9931.344215
3696.286699,1000,9933.607473
1927.069547,1000,9947.260271
3409.093563,1000,9949.559351
199.493344,66,9949.71351
2353.351132,652,9962.581438
3436.658992,1000,9964.851772
3865.074265,1000,9978.37472
3825.87937,1000,9980.655921
608.218405,1000,9994.318626
149.083957,60,9994.455714
3200.448078,1000,9996.727871
3434.151737,1000,10010.399863
3880.566908,1000,10012.67431
194.750999,59,10012.807618
2210.024676,627,10014.251637
3858.158909,1000,10027.833352
2759.619605,741,10029.512467
3462.885632,1000,10043.215199
3624.968787,1000,10045.488368
3561.823658,1000,10059.14312
3804.572128,1000,10061.424121
3708.753188,1000,10075.09035
3565.43352,1000,10077.357958
1778.225559,1000,10091.026218
3547.823432,1000,10093.302068
2275.770489,606,10094.672542
542.728541,139,10109.357322
1766.749498,448,10121.673037
1418.726534,1000,10123.964935
3188.717477,900,10137.333278
1605.438526,446,10138.349071
1870.269115,539,10139.56669
3505.699441,1000,10153.15351
3581.862466,1000,10155.415745
2937.912465,945,10168.993602
2995.603062,869,10170.960907
3563.377567,1000,10173.219123
1668.851347,493,10185.709396
1402.579933,436,10186.698145
2153.494386,623,10188.115494
3942.105165,1000,10201.663628
1436.796877,389,10202.544874
2128.469723,618,10203.940747
3715.008234,1000,10217.638401
3579.284444,1000,10219.903349
3416.722195,862,10234.43281
11.164506,12,10234.460262
3685.328018,1000,10236.7323
3821.042969,1000,10250.275072
4107.230925,1000,10252.571099
851.506068,239,10253.113415
3811.841121,1000,10266.75342
1112.825997,297,10267.431946
802.596412,224,10267.944436
3891.256011,1000,10270.20957
1244.999153,333,10282.295615
4144.056641,1000,10284.593214
3630.63987,1000,10298.284471
472.873786,119,10298.554709
1419.24342,380,10299.416561
2753.557998,1000,10301.683668
1925.649977,536,10314.242273
3659.352789,1000,10338.18402
1212.387751,387,10339.055839
3773.306465,1000,10352.850833
3745.692272,1000,10355.112759
879.338986,276,10355.745236
3770.653432,1000,10369.435827
4045.467376,1000,10371.694023
1275.761451,336,10372.45154
3833.745483,1000,10386.015043
3587.749924,1000,10388.272016
666.42873,247,10400.05502
3813.564428,1000,10402.325883
3787.479675,1000,10415.95197
1209.140939,1000,10418.239922
2376.051655,682,10419.797829
3727.01895,1000,10433.440006
3855.593663,1000,10435.704147
3644.014648,1000,10449.337337
3557.340317,1000,10451.59145
1815.489206,1000,10465.172594
3598.884566,1000,10467.425108
2565.353999,742,10480.547735
3914.103715,1000,10482.801863
3991.003285,1000,10496.398216
3550.471638,984,10498.614119
3668.283072,1000,10512.227069
3603.376933,1000,10514.506754
1729.18921,454,10515.554537
3972.384014,1000,10529.280179
3671.675101,1000,10553.962045
