#{"t_start": 1650954391.100683, "env_id": "NewRandomGoalAnt-v2"}
r,l,t
787.2791,1000,4.045467
811.639099,1000,6.773803
778.344354,1000,26.321258
786.628679,1000,29.071929
795.743649,1000,48.196345
756.114134,1000,50.930765
819.007923,1000,69.946562
789.70824,1000,72.679209
797.609164,1000,91.662921
788.11235,1000,94.389173
794.63253,1000,113.530776
815.842073,1000,116.247
786.038277,1000,137.273731
783.607263,1000,140.011251
840.216011,1000,158.950873
817.392913,1000,161.685351
811.568628,1000,180.599042
804.2089,1000,183.334197
789.005754,1000,202.21494
850.801061,1000,204.945011
859.041696,1000,223.796416
828.610021,1000,226.526596
805.800152,1000,245.533216
792.520123,1000,248.264394
796.650458,1000,267.106129
791.093034,1000,298.197696
781.472413,1000,317.185982
752.048435,1000,319.903024
825.581908,1000,338.965985
796.485389,1000,341.710248
794.187498,1000,360.815371
857.670574,1000,363.558194
807.589392,1000,382.703317
866.343337,1000,385.43245
839.004314,1000,404.522386
834.486001,1000,407.249219
839.500531,1000,426.365607
819.147064,1000,430.86858
799.239358,1000,449.695765
846.675925,1000,452.447056
853.645682,1000,471.406821
833.475466,1000,474.140957
829.881023,1000,476.832809
804.904875,1000,495.91373
807.782298,1000,498.66045
807.198064,1000,517.880754
833.638188,1000,520.634663
880.764324,1000,539.800022
837.266919,1000,542.551229
843.935174,1000,561.343569
823.392782,1000,591.348786
858.60783,1000,610.434202
846.687273,1000,613.184276
819.356979,1000,632.201802
862.478677,1000,634.990216
809.38616,1000,653.960797
871.790573,1000,656.692892
813.56197,1000,675.544246
845.456296,1000,678.231395
852.271377,1000,697.119878
870.663372,1000,699.875239
888.071741,1000,718.955288
894.301404,1000,723.43271
862.512885,1000,742.197459
887.040812,1000,744.951879
862.858049,1000,763.886906
891.129148,1000,766.59308
868.743526,1000,785.5308
890.780949,1000,788.291869
861.564132,1000,807.220572
875.84449,1000,810.00226
904.294945,1000,828.974133
834.210429,1000,831.778901
822.752106,1000,850.882421
849.033814,1000,853.659183
823.160077,1000,899.444745
826.411645,1000,902.211755
839.425639,1000,921.372828
902.811681,1000,924.125915
862.165968,1000,942.912359
917.683379,1000,945.689918
863.619733,1000,964.580626
879.650635,1000,967.343417
881.930933,1000,986.306879
897.52849,1000,989.097921
952.513758,1000,991.816236
815.431074,1000,1010.790481
907.207374,1000,1015.204547
881.761784,1000,1034.12636
883.46551,1000,1036.808133
915.814024,1000,1055.72127
834.677281,1000,1058.482097
969.924988,1000,1077.365139
900.767493,1000,1080.170027
921.464055,1000,1099.154997
916.170153,1000,1101.85788
991.229526,1000,1120.996724
976.910731,1000,1123.748197
820.55573,1000,1142.952449
899.141946,1000,1145.607475
966.14642,1000,1190.178701
1092.791864,1000,1192.836533
1076.679509,1000,1211.646433
996.516626,1000,1214.297268
1033.395086,1000,1232.913909
916.950738,1000,1235.618185
847.334278,1000,1254.351797
839.79644,1000,1256.957824
906.898204,1000,1275.825334
920.453021,1000,1278.587631
967.597505,1000,1297.531777
1039.557551,1000,1300.218507
1110.694321,1000,1320.952379
915.343653,1000,1323.67999
1312.762818,1000,1342.340773
1099.887499,1000,1344.939662
941.309512,1000,1363.607102
936.793594,1000,1366.298965
918.450276,1000,1384.897594
892.459301,1000,1387.58655
790.402121,1000,1406.518388
894.906254,1000,1409.22174
889.968583,1000,1428.424701
1327.761294,1000,1431.124718
947.344184,1000,1450.319091
1070.911498,1000,1478.746737
940.243632,1000,1497.596981
915.788739,1000,1500.348913
1003.32157,1000,1503.044267
991.897813,1000,1521.998796
886.336307,1000,1524.735695
897.93851,1000,1543.67102
941.726387,1000,1546.373721
878.156835,1000,1565.501437
924.545753,1000,1568.22504
996.592487,1000,1587.186397
924.661719,1000,1589.920022
1376.258277,1000,1610.722587
915.151689,1000,1613.408748
915.003706,1000,1632.277787
858.499734,1000,1635.028316
1152.490392,1000,1653.741745
924.220825,1000,1656.383086
1117.101625,1000,1675.115423
906.723846,1000,1677.856553
1423.412762,1000,1696.475184
890.75474,1000,1699.163862
809.37212,1000,1717.969308
1403.565913,1000,1720.63969
1515.759686,1000,1739.158159
924.330901,1000,1767.790338
1059.547975,1000,1786.714628
1611.476851,1000,1789.386849
1457.243585,1000,1808.445827
926.120572,1000,1811.100185
1640.808088,1000,1829.771434
1551.055477,1000,1832.397396
1000.57477,1000,1851.145898
1013.09088,1000,1853.800913
1597.015213,1000,1872.476511
819.398974,1000,1875.299656
913.428142,1000,1893.739841
961.96151,1000,1898.119353
830.218299,1000,1916.935468
1266.596205,1000,1919.513473
918.647262,1000,1938.327565
1155.936036,1000,1941.027055
899.561039,1000,1960.026021
912.712974,1000,1962.681701
1246.372303,1000,1981.423583
1029.132557,1000,1984.039093
1236.91695,1000,1986.623328
1004.101943,1000,2005.183475
1027.01515,1000,2007.779261
818.826439,1000,2026.395647
904.348156,1000,2054.750654
838.826,1000,2073.387865
785.006442,1000,2076.023392
1033.319371,1000,2094.896303
1539.629757,1000,2097.595381
1162.487456,1000,2116.350765
901.542579,1000,2119.044418
1336.42938,1000,2137.722478
1314.678204,1000,2140.362795
923.556936,1000,2159.231495
996.15215,1000,2161.837263
1027.703813,1000,2180.702924
1530.472315,1000,2185.095708
1075.014915,1000,2203.641754
888.594913,1000,2206.258637
1133.945648,1000,2224.98923
945.833318,1000,2227.642239
1433.590247,1000,2246.400857
845.415873,1000,2249.012657
864.037594,1000,2267.861932
1171.60377,1000,2270.434675
1679.578802,1000,2289.133427
871.320048,1000,2291.732996
1756.068769,1000,2310.366496
1469.798208,1000,2313.056719
1729.110305,1000,2357.607914
1477.263935,1000,2360.237989
1179.224779,1000,2378.945847
1484.746745,1000,2381.626536
933.344077,1000,2400.491498
1725.51875,1000,2403.041171
1112.100177,1000,2422.070966
962.63099,1000,2424.677235
976.189658,1000,2443.834282
1185.707609,1000,2446.466608
867.386951,1000,2465.486531
1781.813743,1000,2468.159846
1824.844577,1000,2488.405918
935.071409,1000,2491.067231
1185.692789,1000,2493.614812
1548.530218,1000,2512.359268
1744.021292,1000,2514.93245
1140.408376,1000,2533.562782
877.127787,1000,2536.171815
1170.954433,1000,2554.597144
976.506737,1000,2557.266344
1488.999518,1000,2576.056947
953.162675,1000,2578.799264
906.35196,1000,2597.404147
885.942393,1000,2600.075103
1498.592975,1000,2644.593277
1331.521258,1000,2647.208522
1637.879169,1000,2665.844661
940.215345,1000,2668.51213
1548.998119,1000,2687.023136
982.988213,1000,2689.671171
909.496816,1000,2708.368212
1604.814012,1000,2710.902235
1637.213181,1000,2729.763542
938.58811,1000,2732.50147
950.218174,1000,2751.135503
1168.032825,1000,2753.69801
1801.440213,1000,2774.295119
1883.810555,1000,2776.831033
958.954839,1000,2795.727678
944.318934,1000,2798.380291
1165.070213,1000,2817.363273
1583.224404,1000,2819.926538
1324.896175,1000,2838.8265
955.175302,1000,2841.465858
1693.77872,1000,2860.320456
1598.899411,1000,2862.92143
1187.339629,1000,2881.897496
973.387321,1000,2884.653654
1214.638374,1000,2903.395568
1091.937958,1000,2932.695243
960.146448,1000,2951.692638
1094.758196,1000,2954.367526
1959.945695,1000,2973.078786
1031.81316,1000,2975.724063
975.351496,1000,2978.344929
884.631846,1000,2997.233059
1194.295154,1000,2999.793083
1726.728523,1000,3018.538135
1293.359575,1000,3021.116936
1921.18867,1000,3039.825203
1035.908294,1000,3042.432696
1758.680581,1000,3062.921365
1701.882889,1000,3065.588707
909.754338,1000,3084.473353
1018.487679,1000,3087.163133
1730.190076,1000,3105.852946
986.209696,1000,3108.430422
889.290697,1000,3127.313577
1315.376292,1000,3129.967673
999.324736,1000,3148.882789
983.14584,1000,3151.548565
1941.244022,1000,3170.527556
1954.627365,1000,3173.191523
884.634408,1000,3192.290788
878.83114,1000,3222.089876
833.351578,1000,3240.974752
1728.865662,1000,3243.497657
1361.224298,1000,3262.368349
948.309263,1000,3265.079704
1766.40825,1000,3283.946602
1953.580504,1000,3286.602349
1003.998862,1000,3305.435441
956.292398,1000,3308.111288
1406.461127,1000,3326.904763
1086.146549,1000,3329.474376
1959.505263,1000,3348.591393
992.528669,1000,3352.942609
1754.155828,1000,3371.713576
936.731044,1000,3374.322101
1776.845748,1000,3393.181448
1024.596265,1000,3395.866514
959.801098,1000,3414.698064
1387.922118,1000,3417.353268
1818.668902,1000,3436.191829
1091.174542,1000,3438.819932
2055.199957,1000,3457.710958
874.266456,1000,3460.339184
997.532943,1000,3463.006123
912.228838,1000,3481.817326
1756.991805,1000,3510.337452
1668.46886,1000,3529.117836
916.733642,1000,3531.710623
1030.178902,1000,3550.58833
1824.284024,1000,3553.185683
912.019554,1000,3572.140025
900.144505,1000,3574.760494
118.000969,170,3575.193719
2065.762283,1000,3593.989899
1094.393459,1000,3596.690993
1703.809238,1000,3615.653238
1032.536397,1000,3618.240607
2025.476575,1000,3637.111377
1050.100333,1000,3641.556418
1823.36583,1000,3660.627381
2029.531255,1000,3663.260104
1052.559602,1000,3682.292826
973.985019,1000,3684.943604
1369.857018,1000,3703.822407
972.608385,1000,3706.395756
1386.804219,1000,3725.157384
1132.62126,1000,3727.805787
1196.680017,1000,3746.691641
1401.432243,1000,3749.280518
1230.648849,1000,3768.059872
1799.441741,1000,3796.462869
1236.61561,1000,3815.022052
1228.567779,1000,3817.608325
1863.905755,1000,3836.409525
908.538131,1000,3839.0018
2031.257243,1000,3857.873757
1444.763761,1000,3860.524703
1760.368023,1000,3879.367135
1229.960235,1000,3881.984427
903.149174,1000,3902.483187
1367.120259,1000,3905.034277
1035.770707,1000,3923.869286
1005.864172,1000,3926.446402
997.403992,1000,3946.95314
1840.806361,1000,3949.522349
379.063442,464,3950.695825
859.529474,1000,3969.65445
1001.485229,1000,3972.354167
1077.829062,1000,3991.17063
1398.852936,1000,3993.690784
1285.845289,1000,4012.404566
1727.944885,1000,4015.005652
2090.109808,1000,4033.772666
971.348454,1000,4036.417562
1374.670891,1000,4055.829504
1033.117681,1000,4058.532667
1869.333004,1000,4103.840371
1161.60425,1000,4106.450827
1141.307062,1000,4125.32011
713.613943,1000,4127.87992
2096.761787,1000,4146.63041
1188.47549,1000,4149.207051
1812.942203,1000,4167.983329
749.253581,1000,4170.553645
1055.410492,1000,4189.19737
2103.183048,1000,4191.752988
1450.652218,1000,4210.522915
1341.804484,1000,4213.075419
1180.921161,1000,4233.494379
1321.434721,1000,4236.057136
167.349258,248,4236.690161
1833.28464,1000,4255.583031
1832.032302,1000,4258.139613
1806.344341,1000,4276.90183
915.276604,1000,4279.487888
1842.665522,1000,4298.087501
2147.385956,1000,4300.637585
2175.416609,1000,4319.48294
2087.550578,1000,4322.011007
1313.447261,1000,4340.563259
2013.349842,1000,4343.13014
767.865128,1000,4361.823569
1254.946447,1000,4391.075158
935.996169,1000,4409.753283
938.268075,1000,4412.385084
1278.082808,1000,4431.227822
1295.010856,1000,4433.827427
1856.975109,1000,4436.409681
1243.040094,1000,4455.077246
2256.204697,1000,4457.638838
1171.383547,1000,4476.357941
1214.003323,1000,4479.000786
1890.69603,1000,4497.702515
1190.718706,1000,4500.344384
1919.548263,1000,4520.865103
1810.476336,1000,4523.483493
1407.003617,1000,4542.229894
1385.661365,1000,4544.816625
1374.329482,1000,4563.671335
1204.885842,1000,4566.288553
1254.75045,1000,4584.8541
942.030607,1000,4587.418097
1892.305546,1000,4606.188413
1518.972121,1000,4608.706062
1256.848256,1000,4627.336044
1954.986318,1000,4629.906439
933.414669,1000,4648.567645
1347.593043,1000,4677.806012
1954.042958,1000,4696.631689
1217.663661,1000,4699.180197
1862.734155,1000,4717.766736
1092.005661,1000,4720.364036
1310.638472,1000,4739.247496
952.234813,1000,4741.887271
2168.15538,1000,4760.622054
1846.402635,1000,4763.140279
1441.172384,1000,4781.990612
1533.756595,1000,4784.534215
1438.080348,1000,4803.241535
2215.577547,1000,4807.518791
2193.888758,1000,4826.141674
826.417307,1000,4828.783252
2195.13417,1000,4847.559343
1857.915308,1000,4850.095239
1426.035311,1000,4868.702576
965.430902,1000,4871.354136
1285.245837,1000,4889.978535
969.984823,1000,4892.575606
1560.056686,1000,4895.17189
1885.955722,1000,4913.877873
1950.506164,1000,4916.449936
1932.596288,1000,4934.981421
1360.141246,1000,4963.386991
1469.918319,1000,4982.063455
1630.486584,1000,4984.590232
1643.361759,1000,5003.313153
1911.895893,1000,5005.836583
1249.474266,1000,5024.583009
1904.052394,1000,5027.183852
2253.438929,1000,5046.067424
1440.991564,1000,5048.568909
1325.41038,1000,5067.296806
1598.242572,1000,5069.82245
1548.68583,1000,5088.107176
1420.442807,1000,5092.424484
966.811095,1000,5111.098928
976.916448,1000,5113.668022
1572.552161,1000,5132.374035
1443.518211,1000,5134.892551
2338.25997,1000,5153.640337
1971.266316,1000,5156.201918
2239.463727,1000,5175.103232
1632.902263,1000,5177.697381
1690.990123,1000,5196.539093
2270.313492,1000,5199.059993
1608.049833,1000,5217.977976
2238.744971,1000,5220.50809
1499.414618,1000,5265.532696
1396.670382,1000,5268.078174
1350.983235,1000,5286.827966
974.342751,1000,5289.449674
1293.939262,1000,5308.2882
1845.745052,1000,5310.805359
1354.072472,1000,5329.607238
2226.600019,1000,5332.216119
1554.688891,1000,5350.896312
1979.426665,1000,5353.449193
2222.734373,1000,5372.266948
1563.62178,1000,5374.824669
926.542873,1000,5395.305977
1592.875873,1000,5397.893431
1628.644274,1000,5400.418431
1913.512268,1000,5419.203702
1459.827881,1000,5421.719798
1824.321938,1000,5440.436175
1434.778217,1000,5443.014135
1511.350179,1000,5461.529671
1754.257088,1000,5464.075605
1888.973216,1000,5482.822716
1974.201406,1000,5485.353039
2040.401118,1000,5503.978022
1408.956229,1000,5506.574041
902.940053,1000,5550.660687
1797.069785,1000,5553.181195
2244.338554,1000,5571.8133
1946.612818,1000,5574.329964
1875.409249,1000,5593.192304
1920.72801,1000,5595.825974
1067.868062,1000,5614.469713
1890.800165,1000,5617.015205
1958.991964,1000,5635.728957
2224.520344,1000,5638.25664
1432.870005,1000,5657.033255
2025.65093,1000,5659.557739
1605.700299,1000,5679.911433
1042.656509,1000,5682.518568
1772.913677,1000,5701.233632
1370.896599,1000,5703.761679
2041.313204,1000,5722.423771
377.952962,689,5724.158686
150.812309,247,5724.779922
1927.67734,1000,5743.386968
1390.260424,1000,5745.907349
598.340076,1000,5764.623199
1418.720937,1000,5767.195253
2215.503798,1000,5785.881221
675.135709,1000,5788.411913
2110.268335,1000,5807.07911
864.625389,1000,5835.800887
2213.935583,1000,5854.536179
2263.331326,1000,5857.090236
1343.883024,1000,5875.789231
1582.58122,1000,5878.310892
2237.673261,1000,5880.856817
2028.816298,1000,5899.44105
1445.134513,1000,5901.962194
1454.092525,1000,5920.785935
2300.592003,1000,5923.28846
1334.425458,1000,5941.922096
1428.197278,1000,5944.438324
2361.54641,1000,5964.81315
2031.993658,1000,5967.412332
2066.572504,1000,5986.321189
1977.821466,1000,5988.828943
149.808386,314,6005.87207
2318.604235,1000,6008.374942
2017.251468,1000,6010.881483
923.15122,1000,6029.558177
461.83419,248,6030.183093
1917.355848,1000,6048.81025
1357.114577,1000,6051.337271
1918.634154,1000,6070.032312
1906.684571,1000,6072.535983
1881.723015,1000,6091.18894
1939.786801,1000,6119.395336
1360.083494,1000,6138.359832
1915.959332,1000,6140.867414
1587.836689,1000,6143.3726
920.711617,964,6161.990683
2052.088262,1000,6164.484271
1342.532112,1000,6183.052628
1941.553163,1000,6185.548758
1800.504559,1000,6204.170496
2272.42315,1000,6206.675992
1189.548671,1000,6225.34803
1525.50959,1000,6227.854275
1417.964856,1000,6246.615949
948.522024,1000,6250.954625
2154.112309,1000,6269.588927
1786.761249,1000,6272.115551
1412.789061,1000,6291.006966
1986.924793,1000,6293.521215
2153.394639,1000,6312.302821
2251.044495,1000,6314.819614
763.210201,1000,6333.591468
1441.369454,1000,6336.099246
2093.800536,1000,6354.948563
1977.716845,1000,6357.453614
2115.67348,1000,6376.043561
1888.071867,1000,6404.078377
946.735086,1000,6422.904523
1971.91134,1000,6425.419086
1976.391363,1000,6444.236402
1005.886111,1000,6446.767071
629.801876,962,6465.221163
1575.603878,1000,6467.737656
1475.792267,1000,6486.534972
941.241288,1000,6489.098513
2086.738342,1000,6507.802755
1490.14261,1000,6510.309963
1467.123525,1000,6529.133403
1856.332352,1000,6531.628644
1995.542212,1000,6552.075706
1918.957575,1000,6554.591082
1071.319627,1000,6573.195571
1061.236267,1000,6575.751604
920.736099,1000,6594.274377
2241.547617,1000,6596.786163
1978.766624,1000,6599.294321
1896.633596,1000,6617.829813
2107.609761,1000,6620.39083
998.876617,1000,6638.831621
2212.412826,1000,6641.323292
2208.354846,1000,6660.072414
2303.335781,1000,6688.127355
998.664807,1000,6706.896083
1522.007353,1000,6709.422
1011.004943,1000,6728.07259
2344.362896,1000,6730.562963
1437.232534,1000,6749.156763
1465.907183,1000,6751.66478
2466.386015,1000,6770.113474
2112.083466,1000,6772.623433
1911.132638,1000,6791.181599
2321.612679,1000,6793.680533
2072.323401,1000,6812.289793
2201.758823,1000,6814.820082
2179.563326,1000,6835.226204
2042.896443,1000,6837.728704
1497.126835,1000,6856.319699
2477.963068,1000,6858.826872
2111.943636,1000,6877.402122
2118.131082,1000,6879.909657
1434.320386,1000,6898.493802
1387.679657,1000,6901.016885
1573.724019,1000,6919.690686
-4.895743,8,6919.711416
1541.182133,1000,6922.23227
2225.588573,1000,6940.990254
1493.225221,1000,6943.528125
2148.498208,1000,6988.679185
834.264872,1000,6991.202814
2213.080432,1000,7009.950766
1499.155103,1000,7012.484606
1436.800606,1000,7031.16892
1913.698564,1000,7033.693341
817.602268,1000,7052.328255
2003.261036,1000,7054.826713
1265.208577,1000,7073.510093
1887.048356,1000,7076.006097
2330.069593,1000,7094.765933
2094.689644,1000,7097.270808
2324.454263,1000,7099.753914
1929.981336,1000,7120.02584
1953.101398,1000,7122.514677
1237.135818,1000,7141.290472
2399.714443,1000,7143.786453
1528.506639,1000,7162.44542
131.053741,157,7162.848397
949.264239,1000,7165.340734
2493.562011,1000,7183.912309
2433.421131,1000,7186.409592
2034.828912,1000,7205.187659
2198.854549,1000,7207.686221
2395.653956,1000,7226.959864
1318.160221,1000,7229.456635
2362.332274,1000,7272.697839
1965.530468,1000,7275.173547
2633.244731,1000,7293.813414
1990.633814,1000,7296.307531
1420.47461,1000,7315.033518
2444.931892,1000,7317.529453
2167.370973,1000,7336.089406
1449.29223,1000,7338.584175
944.360453,1000,7357.334903
2754.774222,1000,7359.823281
2071.369853,1000,7378.716999
2419.349925,1000,7381.202964
2687.507297,1000,7400.201356
1465.520651,1000,7404.419328
2496.272305,1000,7423.453142
2635.446057,1000,7425.935703
1516.839075,1000,7444.649353
2556.201909,1000,7447.140591
2518.608999,1000,7465.85954
1599.780862,742,7467.709117
2467.499917,1000,7486.609224
334.997366,348,7487.479686
2489.165538,1000,7489.969905
804.272329,1000,7508.62364
2636.954104,1000,7511.123045
1905.532019,1000,7529.658561
2634.25638,1000,7556.208849
2435.636703,1000,7575.190579
1505.404433,1000,7577.679603
1474.081337,1000,7596.251627
786.075113,406,7597.260581
2436.240478,1000,7599.743803
1490.200073,1000,7618.340089
1491.489128,1000,7620.815009
2692.07277,1000,7639.385431
2666.845768,1000,7641.903772
231.408574,335,7642.73954
2202.450017,1000,7661.660078
2759.768454,1000,7664.144569
1511.142401,1000,7682.738951
2342.946215,1000,7686.945401
1193.101109,742,7705.062102
87.449606,141,7705.412862
2621.567391,1000,7707.906018
190.27134,534,7725.584585
2318.468655,1000,7728.102656
1982.648002,1000,7746.950978
768.219048,1000,7749.505963
2542.210247,1000,7768.522154
2296.774744,1000,7771.003488
2541.055089,1000,7773.550497
2804.123934,1000,7792.313104
744.383239,681,7794.011126
332.336133,393,7811.380308
2565.776333,1000,7813.897939
2215.201893,1000,7841.265629
2462.971548,1000,7859.864436
2052.226335,1000,7862.361863
2325.124412,1000,7880.866717
2663.427775,1000,7883.350815
2807.735122,1000,7901.884192
2613.259068,1000,7904.368884
2043.995446,1000,7922.647172
2693.346606,1000,7925.116206
2442.70388,1000,7943.888716
2536.82115,1000,7946.378877
51.90149,39,7946.477067
1529.582374,1000,7965.455246
2638.235827,1000,7969.678615
2557.163485,1000,7988.266504
2020.532694,1000,7990.751102
2821.899409,1000,8009.476888
1965.173102,1000,8011.957865
2505.897365,1000,8030.867502
1225.3475,787,8032.853869
2742.764545,1000,8051.865427
2404.406467,1000,8054.382069
2274.15379,815,8072.779821
1085.160856,1000,8075.298308
2722.075747,1000,8093.475368
2389.713349,1000,8095.956298
2716.245221,1000,8139.325539
2174.954205,1000,8141.815636
1470.122247,1000,8144.350185
362.424421,268,8161.493533
1425.602963,1000,8163.971773
2584.163458,1000,8182.658384
2635.416358,1000,8185.126901
1545.622424,1000,8203.741809
1480.737564,1000,8206.236521
2084.115812,1000,8224.86813
1621.309232,1000,8227.363767
2621.951906,1000,8246.350152
2676.594545,1000,8248.84273
866.66907,649,8250.455011
430.058804,320,8252.948925
1086.796576,1000,8273.607166
2774.733623,1000,8276.090554
2339.675924,1000,8295.299878
2553.171143,1000,8297.805707
1228.526967,963,8316.382419
2520.231358,1000,8318.894486
305.743575,208,8319.425016
222.332365,149,8335.903429
1178.253643,1000,8338.413395
1522.971828,1000,8357.012819
2793.278337,1000,8359.497272
467.815819,351,8360.369655
1331.113293,628,8378.153089
1293.43296,1000,8380.642424
2720.305448,1000,8383.127765
2907.994235,1000,8426.871214
1368.63393,1000,8429.42983
1502.291432,1000,8448.063858
2226.928346,1000,8450.558746
1437.928366,1000,8469.22162
2986.376515,1000,8471.695317
915.443729,1000,8490.338463
1935.634453,1000,8492.829069
2276.773838,1000,8511.654362
1317.149675,1000,8514.15521
2683.940397,1000,8532.765053
2824.380507,1000,8535.26073
3139.785246,1000,8555.796945
1477.890429,537,8557.140762
2938.365956,1000,8575.99681
203.591646,160,8576.396661
1540.12306,1000,8578.876013
3011.143437,1000,8597.382484
1718.202668,1000,8599.857107
76.823864,87,8600.074553
1357.832909,1000,8618.771275
1683.114469,1000,8621.295517
2879.652436,1000,8640.078497
2631.640012,1000,8642.586847
2312.302234,1000,8661.446599
2683.754702,1000,8663.92636
2510.640481,1000,8682.531812
1787.096315,1000,8710.049663
1478.331016,1000,8728.875432
1263.625844,808,8730.882863
1018.297291,1000,8733.367659
1467.924935,1000,8752.108244
2317.946484,1000,8754.589125
1596.242174,1000,8773.418162
2951.276119,1000,8775.890723
2770.340522,1000,8794.510747
3107.796466,1000,8796.975558
1626.124823,1000,8815.62123
1131.922316,1000,8818.154831
3330.356141,1000,8838.641896
2379.037113,1000,8841.125796
3102.991426,1000,8859.558801
1312.861243,516,8860.843876
2828.621434,1000,8879.450723
1402.247892,1000,8881.961036
2061.932691,1000,8900.686257
2478.174504,1000,8903.172688
2952.781031,1000,8921.860329
1827.132711,1000,8924.345561
1372.588942,896,8926.603173
2439.32547,1000,8945.732858
858.646058,837,8947.829139
1518.307354,1000,8966.704499
2663.933852,1000,8993.463107
1469.851157,1000,9012.583853
2530.418889,1000,9015.06153
2832.192851,1000,9034.179039
669.501378,460,9035.320553
3261.689195,1000,9037.810498
1624.869402,1000,9056.515692
1347.991522,940,9058.871847
2380.470047,1000,9077.289891
2877.528319,1000,9079.799068
3100.740538,1000,9098.275487
1692.11161,1000,9100.748576
3075.369843,1000,9119.464924
1430.717365,1000,9123.715641
990.748732,1000,9142.392262
2710.160168,1000,9144.880217
369.671886,212,9145.404008
2293.243462,1000,9164.113348
325.33806,276,9164.801328
1519.746833,1000,9183.549614
2419.759192,1000,9186.025779
2137.675729,1000,9204.672572
2932.600834,1000,9207.150235
1431.422137,1000,9225.918736
3198.331512,1000,9228.406626
1594.677368,1000,9230.900337
2907.794851,1000,9249.44354
2042.468868,1000,9275.977861
2147.566245,1000,9294.73935
2623.748505,1000,9297.216286
1362.225078,948,9315.905267
1519.547687,1000,9318.406865
3338.819055,1000,9337.060798
1014.239176,1000,9339.583833
1221.429389,566,9357.116602
2104.49462,610,9358.639707
2174.42911,1000,9361.128691
2171.378214,1000,9379.738128
298.972745,183,9380.189775
3372.6544,1000,9382.67119
2800.98756,1000,9401.721466
2662.300348,1000,9405.979122
1995.739924,1000,9424.532373
1605.890559,1000,9427.011296
1717.98836,1000,9445.284136
2951.809142,1000,9447.768858
2193.727633,1000,9466.438073
2882.406604,1000,9468.913301
2770.942573,1000,9487.605576
3075.339204,1000,9490.086662
2872.949383,1000,9508.812211
1752.619122,1000,9511.307224
1515.659349,1000,9530.049175
2582.310293,1000,9557.002852
3094.947792,1000,9575.794677
2494.879819,1000,9578.278261
2307.423521,1000,9596.962451
3502.069441,1000,9599.47806
1524.439972,1000,9618.084219
349.714249,227,9618.649717
722.558725,796,9620.632778
73.642444,82,9620.835761
1900.495835,1000,9639.486609
1546.170483,1000,9641.960708
2356.990144,1000,9660.613028
1540.734143,1000,9663.091306
2.022673,15,9663.128864
1461.76184,1000,9681.734211
554.817154,215,9682.266367
1502.963528,1000,9684.739306
1456.702061,1000,9705.141508
2672.24768,1000,9707.611239
1056.717173,893,9726.137355
2570.133791,1000,9728.627
954.131075,1000,9747.412502
2785.695177,1000,9749.917417
2616.441204,1000,9768.623216
1451.281445,1000,9771.117168
1662.492098,1000,9789.674135
2178.553786,1000,9792.158852
3351.51642,1000,9810.699381
3409.342869,1000,9813.181653
1402.164256,1000,9857.024791
1483.250923,1000,9859.564104
2192.519234,1000,9878.321147
2891.825481,1000,9880.816685
1579.948837,1000,9899.825225
1754.137897,1000,9902.333089
2858.600307,1000,9921.229012
985.191009,560,9922.628563
2957.56938,1000,9925.120973
1145.977965,1000,9944.068317
2372.613503,1000,9946.555225
3099.773777,1000,9965.292323
2862.139625,1000,9967.795834
2012.809883,1000,9988.148384
2115.04921,1000,9990.653534
1408.853568,1000,10009.330101
829.800181,616,10010.866153
1639.855351,654,10012.487716
2471.951269,1000,10031.131732
2901.325672,1000,10033.61545
1664.072375,1000,10052.190965
1534.339531,1000,10054.67924
2014.960604,1000,10073.288231
1383.949104,768,10075.206322
1160.347316,1000,10094.236356
783.567433,248,10094.879896
2536.147284,1000,10097.367392
3001.610102,1000,10139.951456
2324.920801,1000,10142.440837
1550.496409,1000,10161.31554
954.066846,1000,10163.844031
2499.277972,1000,10182.665371
2330.128082,1000,10185.15384
3319.061154,1000,10203.685863
1859.051972,1000,10206.177969
2628.405514,1000,10224.748608
2062.315714,1000,10227.235287
2953.629172,1000,10245.904363
2444.397278,1000,10248.453404
2323.495292,1000,10267.389988
2297.922637,1000,10271.649402
1119.465808,1000,10290.701846
2977.006651,1000,10293.186265
931.532518,1000,10311.727043
1968.770074,1000,10314.221314
2826.115312,1000,10332.853184
2959.854271,1000,10335.336357
2744.806832,1000,10353.886817
2880.446837,1000,10356.364983
3110.058788,1000,10375.016546
2949.032236,1000,10377.503314
2862.041214,1000,10396.213779
2402.736173,957,10422.783186
-3.628456,10,10422.808703
2369.49004,1000,10425.326046
1459.345642,1000,10444.095479
2995.114079,1000,10446.570698
799.357603,596,10464.380939
2194.953551,816,10466.438894
2434.905559,1000,10485.27562
3101.679438,1000,10487.769599
2935.793457,1000,10506.384226
1044.802168,665,10508.046026
2080.313419,739,10509.865524
1492.26596,1000,10528.618955
1825.988177,1000,10531.087405
2076.29861,1000,10549.55967
1321.389136,1000,10553.748126
3070.252063,1000,10572.783774
2432.700203,1000,10575.282828
2859.485047,1000,10593.994182
3086.455208,1000,10596.470083
983.564982,420,10597.507211
2761.665615,1000,10616.262417
1535.95821,1000,10618.753578
2862.616904,1000,10637.374807
1639.111886,1000,10639.871948
800.319628,1000,10658.580702
2987.058468,1000,10661.056041
2156.952181,1000,10679.667426
271.562059,230,10680.238969
1305.69437,1000,10707.412149
1571.4856,1000,10726.2455
2933.883373,1000,10728.78261
3017.415622,1000,10747.478166
2869.064586,1000,10749.971537
1531.860158,1000,10768.685679
3401.943536,1000,10771.155225
1633.625629,1000,10789.855675
1894.104575,1000,10792.339015
1744.514241,1000,10811.162125
3429.712365,1000,10813.640336
2136.037854,1000,10832.12554
2144.320243,1000,10836.452834
-11.436425,12,10836.482615
2282.357354,1000,10855.173999
2484.857329,1000,10857.788567
2992.170712,1000,10876.153426
3121.447188,1000,10878.629622
1020.197392,1000,10897.684857
2058.147029,1000,10900.214731
3310.852212,1000,10918.79538
1616.125683,1000,10921.272583
1491.697861,1000,10939.909001
953.869167,1000,10942.450871
2147.174192,1000,10961.394856
1189.534868,1000,10963.912315
1304.134264,1000,11008.104833
3201.141716,1000,11010.586735
1372.634066,1000,11029.439359
2161.839618,1000,11031.918164
925.786066,705,11033.671507
1093.79193,1000,11052.493163
1084.072219,1000,11055.022557
2175.055714,1000,11073.908347
2359.447304,1000,11076.386338
2902.213901,1000,11095.141317
2193.847879,1000,11097.718482
2276.144791,1000,11116.370923
3093.868075,1000,11118.851517
3309.003175,1000,11139.237525
3052.143683,1000,11141.76404
1137.021675,1000,11160.51729
2866.786815,1000,11162.996529
3062.282485,1000,11181.243771
2079.696993,1000,11183.734926
237.398295,122,11184.039483
2029.464038,1000,11202.583723
2425.245495,1000,11205.090559
1303.330624,636,11222.810302
1597.416133,1000,11225.281979
1291.879015,670,11226.933397
731.021408,1000,11245.52103
2141.870191,1000,11248.00925
846.978846,1000,11290.629955
1406.495507,1000,11293.129925
2016.868007,1000,11311.657996
2986.877657,1000,11314.162341
864.60411,1000,11333.015932
1349.589738,1000,11335.516694
2827.938634,1000,11354.185235
3375.668067,1000,11356.655066
1592.199921,1000,11375.41242
2068.565729,1000,11377.921144
554.13595,372,11378.882573
3389.403097,1000,11397.536772
2789.998056,1000,11399.997487
1273.81015,1000,11420.29627
1463.928405,1000,11422.785936
63.418675,36,11422.8751
3349.224956,1000,11441.604133
2584.649232,1000,11444.086884
3215.095329,1000,11463.04503
2274.420505,1000,11465.518738
2932.642203,1000,11483.997316
2262.263935,1000,11486.478328
1450.809466,1000,11504.84516
2219.312677,1000,11507.305747
683.807276,1000,11526.304178
2777.597392,1000,11528.781841
3230.931704,1000,11571.910208
2998.333218,1000,11574.447991
1392.471294,1000,11593.154276
2362.748596,1000,11595.618583
2939.012678,1000,11614.497005
2101.946588,1000,11617.072385
806.934826,1000,11635.736913
2698.938741,1000,11638.252463
2934.604461,1000,11656.864999
2982.169949,1000,11659.404
3677.115301,1000,11677.940601
3071.524751,1000,11680.435574
2491.079999,1000,11699.250268
2658.977051,1000,11703.539491
2121.524403,1000,11722.62067
124.298368,123,11722.926711
2474.442128,1000,11725.437394
3414.541402,1000,11744.263522
1426.947077,1000,11746.760294
3158.040328,1000,11765.520963
2361.741513,1000,11768.014062
2134.888278,1000,11786.865114
2429.0769,1000,11789.350591
2866.174962,1000,11808.092647
844.487726,578,11809.54206
1463.802062,1000,11812.046194
3582.721878,1000,11830.658808
651.076251,1000,11857.063985
2380.397392,1000,11875.856328
2826.432278,1000,11878.35011
3432.972174,1000,11897.165329
2295.119342,1000,11899.637298
3621.641889,1000,11918.444119
14.542058,11,11918.472154
3549.680224,1000,11920.971986
2825.137339,1000,11940.142086
2224.452197,749,11941.982995
2232.980512,1000,11960.858025
1367.491926,1000,11963.34435
2391.516797,1000,11982.194293
1349.349904,637,11983.779481
1990.961082,1000,11988.09313
1463.14656,1000,12007.201154
2007.17705,1000,12009.673591
2529.667952,811,12028.463279
3466.277362,1000,12030.957691
2824.246661,1000,12050.129539
1026.677333,1000,12052.621741
2275.349809,1000,12071.398007
1328.488104,402,12072.39414
1167.499045,1000,12074.921084
2806.123591,1000,12093.560325
3063.634779,1000,12096.034851
887.480334,365,12113.285531
2994.986553,1000,12115.760899
1282.11589,1000,12159.216949
2339.332383,1000,12161.702978
3383.229467,1000,12180.204
2190.737502,1000,12182.711745
2483.495543,1000,12201.371901
1154.121613,1000,12203.882041
2928.202074,1000,12206.35224
1080.86514,1000,12225.075596
2262.603034,1000,12227.590591
2766.840059,1000,12246.362805
1017.599269,1000,12248.860471
1282.756556,1000,12267.643714
1239.232926,1000,12271.851191
1736.212422,1000,12290.529329
1391.877914,1000,12293.012938
3073.574163,1000,12311.456485
3653.744215,1000,12313.950867
2247.773153,1000,12332.454637
2986.188125,1000,12334.94683
1325.797371,1000,12353.647462
3081.874787,1000,12356.121451
245.690849,137,12356.460622
1340.623806,1000,12375.104218
1362.257938,1000,12377.594461
3311.562852,1000,12396.28593
2917.923732,1000,12398.772815
2901.536199,1000,12441.614534
900.961084,1000,12444.139366
3060.725274,1000,12462.827986
2169.906231,1000,12465.323723
1375.349792,1000,12484.113967
2446.869501,1000,12486.580798
2140.628197,1000,12505.276201
1234.751938,1000,12507.759531
3107.551468,1000,12526.552245
2786.296864,1000,12529.023579
2132.319325,1000,12547.558985
2952.245935,1000,12550.044563
1083.290604,501,12551.284408
3508.437069,1000,12571.722763
1386.837406,1000,12574.215721
2148.855992,1000,12594.528292
145.677875,86,12594.742383
2242.148936,1000,12597.250959
495.385596,202,12614.191728
1387.748636,1000,12616.675016
3207.028458,1000,12635.525393
1422.970394,1000,12638.028904
3171.500475,1000,12640.504614
3504.066255,1000,12659.273527
719.154941,214,12659.800559
1666.842573,1000,12678.427846
2166.506265,1000,12680.916971
3602.050836,1000,12699.758021
2560.57722,1000,12726.143744
2082.62455,1000,12745.004798
3258.425231,1000,12747.483302
2557.593144,1000,12765.792013
2557.035664,1000,12768.267773
1211.086965,509,12769.53065
2393.752554,1000,12788.315332
2580.546287,1000,12790.84635
1196.888565,1000,12809.527234
529.571916,436,12810.614828
1132.622347,1000,12813.095106
2978.911471,1000,12832.170381
588.768469,244,12832.777507
2330.683741,1000,12851.526596
2220.293335,1000,12855.774857
943.212507,310,12856.53854
2422.228465,1000,12875.208426
3045.041787,1000,12877.722476
2156.971711,1000,12896.371072
2490.88053,1000,12898.851659
3398.19328,1000,12917.645645
551.333286,249,12918.262674
2138.39762,1000,12920.727346
2193.931659,1000,12939.27958
1105.241414,1000,12941.786889
2333.93156,1000,12960.289532
2569.320415,1000,12962.772175
2352.918885,1000,12981.548711
2030.357521,885,13008.204587
2825.681049,882,13010.389858
2295.179682,1000,13029.077049
1814.67209,719,13030.8552
3640.512762,1000,13049.350596
2458.220753,1000,13051.899849
3356.186971,1000,13070.50774
1797.163114,1000,13072.998878
1515.464439,1000,13091.454387
2190.066006,1000,13093.92866
1509.835116,1000,13112.277109
2181.456493,1000,13114.76489
3561.908216,1000,13133.600458
2487.245353,1000,13137.788367
1093.287037,1000,13156.526783
3259.995899,1000,13159.004377
2970.198057,1000,13177.580454
2559.993995,1000,13180.054837
3487.857328,1000,13198.756835
1561.608177,1000,13201.232553
2918.243076,1000,13220.163738
2397.663852,1000,13222.659542
2372.917259,785,13240.975216
2258.183508,1000,13243.476387
2653.805264,1000,13245.952827
3122.109159,1000,13264.70226
407.850044,139,13289.701128
1881.479172,1000,13308.296998
3280.020529,1000,13310.781214
1282.330905,1000,13329.723398
2862.346182,1000,13332.201255
525.639083,300,13332.943491
3093.932898,1000,13351.364104
2985.134572,1000,13353.853848
2311.373451,1000,13372.559874
2229.723076,1000,13375.041686
2844.281032,1000,13393.450614
825.273885,1000,13395.944601
1291.181581,597,13397.42087
1074.394594,830,13415.670801
1344.677907,1000,13419.833146
2529.019024,1000,13438.688595
1415.919103,590,13440.146909
3112.482802,1000,13458.998877
2596.876834,1000,13461.481807
3169.442558,1000,13463.966286
696.938935,271,13480.805095
915.271903,1000,13483.31804
2098.799427,1000,13502.07207
937.098417,1000,13504.591396
2272.17021,1000,13523.3796
3113.988944,1000,13525.8715
1405.751967,1000,13544.733871
2199.130419,1000,13547.238319
1498.72053,1000,13590.609378
1015.280888,653,13592.275656
530.384257,541,13593.626807
2401.900131,1000,13612.515198
2231.200961,885,13614.747525
2920.410125,1000,13633.465689
2549.158137,1000,13635.977115
2667.333505,1000,13654.443071
1185.346497,1000,13656.961695
3114.610943,1000,13659.461652
2826.139683,1000,13678.125069
1698.343775,1000,13680.601508
2342.423494,1000,13699.380592
1378.451018,1000,13703.575348
2586.864105,1000,13722.501396
2764.018874,1000,13725.003507
3469.450983,1000,13743.609248
2557.998983,1000,13746.088314
1468.356706,1000,13764.970285
1247.077221,1000,13767.464361
2987.53978,1000,13786.226266
2373.387184,1000,13788.714061
2481.497313,1000,13807.466081
1247.476128,1000,13809.960984
3107.20202,1000,13828.589265
2339.493726,1000,13831.055018
2222.290212,1000,13873.258874
1657.284701,1000,13875.736247
3196.304318,1000,13894.408231
2453.195479,1000,13896.893635
3496.464014,1000,13915.66164
2866.461726,1000,13918.138099
2965.036299,1000,13936.857417
977.841485,622,13938.425342
2421.109503,1000,13957.012688
3124.08285,1000,13959.497122
2667.790988,1000,13961.972213
3098.157831,1000,13981.164969
3121.857978,1000,13983.646876
1735.198665,1000,14004.057052
3575.318131,1000,14006.535964
3079.484514,1000,14024.963905
1162.883404,1000,14027.456823
897.642783,1000,14046.045737
3016.490687,1000,14048.547917
2168.302316,1000,14067.428314
2993.023026,1000,14069.936906
3769.627348,1000,14088.814271
1466.62043,1000,14091.292874
3054.787974,1000,14109.985724
1283.860807,1000,14112.491366
2667.631651,1000,14155.828966
3690.336694,1000,14158.342271
2605.255351,1000,14177.084137
2991.8893,1000,14179.56746
2472.914439,1000,14198.218943
2507.714332,1000,14200.728133
2934.347441,1000,14219.50725
1398.158601,1000,14222.010415
1705.931382,1000,14241.044346
2366.099201,1000,14243.527476
196.019977,86,14243.739779
1105.498383,814,14261.906205
3005.346104,1000,14264.37971
3046.949557,1000,14282.949435
1003.467484,1000,14287.196269
1629.395637,1000,14306.01243
2014.884617,828,14308.070303
2356.226759,1000,14310.552567
1385.770442,1000,14329.378181
2246.495773,1000,14331.868556
2520.073033,1000,14350.731808
2138.492404,1000,14353.258606
2460.334798,1000,14371.670354
1459.072168,1000,14374.147018
2529.697738,1000,14392.835547
2427.927351,1000,14395.318641
831.673599,1000,14438.210489
2360.316227,1000,14440.691808
1655.269671,1000,14459.589586
2936.62573,1000,14462.073806
2558.877026,1000,14480.884359
3624.977447,1000,14483.364475
1396.05824,1000,14501.973855
2159.369209,1000,14504.450598
2345.099454,1000,14523.192194
3759.101854,1000,14525.664528
2647.26517,1000,14544.392898
2569.609792,1000,14546.887046
2817.895608,1000,14565.573911
3420.038448,1000,14569.747149
2463.645279,1000,14588.674513
591.743643,435,14589.75781
821.692668,1000,14592.264291
2606.966399,1000,14610.805281
2396.461312,1000,14613.280364
1271.47802,1000,14631.969914
3297.244399,1000,14634.454471
2304.175658,1000,14652.98861
2674.566175,1000,14655.475291
2144.172192,1000,14673.675554
2781.054686,1000,14676.151957
2143.852362,1000,14695.193642
2267.976534,1000,14721.654929
2013.998868,1000,14740.513601
2431.80163,1000,14742.980874
2310.366988,1000,14761.694441
732.050654,813,14763.726559
2589.884574,1000,14782.361929
3021.680035,1000,14784.829343
1223.438219,1000,14803.578465
677.952415,573,14805.004367
2171.968557,1000,14807.474706
3520.978429,1000,14826.164417
2731.07944,1000,14828.654479
1497.865506,1000,14847.23073
2740.724903,1000,14851.407148
3819.323089,1000,14869.789717
3872.642006,1000,14872.266073
1504.799701,1000,14890.971688
2938.937671,1000,14893.435373
2902.945879,1000,14912.073431
1118.095057,340,14912.911909
2287.476262,1000,14915.380117
3654.623941,1000,14933.892779
1654.000834,1000,14936.433713
3415.596598,1000,14955.083002
289.332682,191,14955.55557
2425.82555,1000,14958.020986
2342.204072,1000,14976.766734
1262.298674,1000,15003.135125
2147.027305,1000,15022.112968
933.417673,551,15023.473642
1327.572309,1000,15042.44662
1735.268148,1000,15044.937603
2198.030678,1000,15063.341505
3056.752496,1000,15065.822926
929.563949,805,15083.981121
3061.402829,1000,15086.485379
828.417778,276,15087.168044
2462.976255,1000,15106.317119
2365.776402,1000,15108.798223
3295.016801,1000,15127.39522
2718.965409,1000,15129.871726
2587.692007,1000,15150.646736
3103.75726,1000,15153.148129
1576.41178,1000,15172.040413
1531.534675,1000,15174.508837
3089.718951,1000,15193.026823
2953.184032,1000,15195.512065
1550.267093,440,15196.605737
2667.645782,1000,15215.31258
2631.417821,986,15217.748182
802.9102,633,15235.631943
867.220981,217,15236.166945
3689.85258,1000,15238.66406
2342.867677,1000,15257.079433
1232.080792,1000,15259.582974
3148.615358,1000,15302.426823
2907.557865,1000,15304.906942
3089.860518,1000,15323.555975
2188.024672,1000,15326.046168
2639.176582,1000,15344.586813
2924.678507,1000,15347.042393
2158.184011,1000,15365.836281
2436.881833,1000,15368.305425
2957.903356,1000,15386.92751
2744.236022,1000,15389.408705
1182.721676,530,15390.718029
1653.319293,1000,15409.458375
1600.535928,1000,15411.950016
2530.894799,1000,15432.245755
825.490634,634,15433.831128
2000.793554,681,15435.53389
1118.595155,1000,15454.214477
2580.291944,1000,15456.697454
1063.105997,1000,15475.692154
2662.680075,1000,15478.172616
2952.121354,1000,15496.668624
3629.737661,1000,15499.172874
2328.914782,1000,15517.898285
2768.64759,1000,15520.416887
2237.094516,1000,15539.280719
1987.318334,904,15541.547839
3650.670223,1000,15584.917302
1290.854019,1000,15587.425775
1215.158887,1000,15606.164518
3035.561727,1000,15608.657815
3547.358682,1000,15627.508973
1478.29253,1000,15629.997983
2397.671218,1000,15648.773217
2769.550797,1000,15651.242283
2379.87063,1000,15670.008504
1963.946664,1000,15672.486006
2620.54205,1000,15691.242503
2535.177424,1000,15693.715812
2894.209816,1000,15711.935163
2575.510455,1000,15715.916208
1105.362784,1000,15734.234989
2604.504376,1000,15736.713492
3518.207672,1000,15755.448505
2927.657241,1000,15757.985143
2618.987923,1000,15776.549489
2973.497057,1000,15779.060509
2534.923045,1000,15781.56834
822.656601,929,15799.748183
1944.252496,1000,15802.24489
2537.458826,1000,15820.718989
737.452817,1000,15823.289115
3170.226057,1000,15842.017898
2272.049814,1000,15868.522118
1766.16894,1000,15887.266324
3040.080042,1000,15889.731478
2148.355846,1000,15908.517091
2849.290476,1000,15910.983268
1536.447861,1000,15930.248987
2497.054616,1000,15932.717908
113.956958,54,15932.851731
3006.524884,1000,15951.658436
3242.442855,1000,15954.126703
2838.888998,1000,15972.807374
1898.666123,851,15974.909768
2277.98917,1000,15993.472389
3045.339083,1000,15997.678835
2706.830659,1000,16016.210703
3425.53428,1000,16018.714546
2007.384466,586,16020.155531
3012.091137,1000,16038.555168
1387.274864,1000,16041.056592
2580.622049,853,16058.925804
457.23832,200,16059.42672
1570.608485,1000,16061.90635
2750.334698,1000,16080.572898
1500.788753,1000,16083.103851
2393.058048,1000,16101.621834
2958.244959,1000,16104.0873
2380.421692,1000,16122.912314
2710.331196,1000,16150.840529
79.508027,59,16150.990489
1719.696791,1000,16170.032004
2619.749777,1000,16172.513257
3728.577167,1000,16190.740228
3066.386573,1000,16193.243912
2928.431527,1000,16211.828511
2342.527798,1000,16214.316917
3606.321928,1000,16232.973143
1577.953593,1000,16235.450048
3558.3323,1000,16254.156775
2918.052056,1000,16256.625845
883.459135,1000,16275.79368
1731.775349,1000,16279.955973
2520.963032,1000,16298.724205
1097.392396,1000,16301.291862
3921.390623,1000,16319.66292
2410.286043,1000,16322.156884
158.027374,159,16322.550738
2254.740974,1000,16341.382555
775.472738,1000,16343.908471
2826.791367,1000,16362.932504
2263.631724,1000,16365.399772
2586.529022,1000,16384.070686
2301.533461,1000,16386.543401
3547.388027,1000,16405.34674
1348.92423,1000,16407.851595
3577.545404,984,16450.122351
2355.154309,1000,16452.604567
2141.527459,1000,16471.136265
459.336248,211,16471.661475
1175.470366,1000,16474.175892
1751.398707,1000,16492.952085
2320.425282,1000,16495.41922
719.894207,300,16496.18823
3046.688748,1000,16514.850196
1482.342588,1000,16517.338313
2551.658643,1000,16535.832598
1290.899365,461,16536.977337
2382.931574,789,16538.936406
2229.39877,1000,16557.703275
3738.400558,1000,16561.948746
3247.065144,1000,16580.992748
1492.910734,1000,16583.529659
1081.473138,1000,16602.251381
3503.355324,1000,16604.707219
1404.331373,1000,16623.507225
3046.041059,1000,16626.001862
1725.306391,1000,16644.910821
2508.477847,1000,16647.382796
2195.671578,1000,16666.032058
2724.657727,1000,16668.530404
3376.547902,1000,16687.37333
3303.017349,1000,16689.855223
3098.467459,1000,16732.343397
2371.117758,955,16734.699412
2551.57732,1000,16753.736468
1818.145456,1000,16756.269856
249.482737,192,16756.749726
1120.712862,434,16774.224561
1158.805615,1000,16776.750933
1837.461989,801,16778.786269
3352.566453,1000,16797.457847
2351.875598,1000,16799.928274
1826.582248,1000,16818.625292
1424.513941,1000,16821.149682
2727.858533,969,16839.832
2936.765336,1000,16842.334647
2350.567234,1000,16862.935029
94.270456,72,16863.113935
859.539914,356,16863.997719
2067.49285,1000,16866.485746
2197.221354,1000,16886.770489
3095.147683,1000,16889.249843
997.118963,1000,16907.731844
2254.92078,1000,16910.211279
1545.22151,555,16927.816725
3005.216327,1000,16930.281272
1802.271027,1000,16949.011283
2456.546147,1000,16951.527998
3006.483044,1000,16970.12751
1184.416421,662,16971.773378
2990.160051,1000,16974.250982
3143.661842,1000,17016.736987
899.570213,354,17017.615412
840.34287,1000,17036.360813
1903.409549,573,17037.784485
2121.323406,1000,17040.272314
2672.349136,1000,17058.844025
2037.206236,537,17060.163111
3140.325184,1000,17078.723995
3618.705252,1000,17081.199286
2268.397735,1000,17099.792813
2872.334903,1000,17102.254819
1320.728563,1000,17121.060035
1926.247602,1000,17123.573868
92.697191,42,17123.677803
3533.144177,1000,17142.35103
2375.891174,1000,17146.535545
1381.722986,1000,17165.106793
2538.182838,1000,17167.616973
1845.028277,1000,17186.474407
1682.193354,831,17188.524304
1440.536203,1000,17191.006119
901.080493,475,17208.628875
3014.29853,1000,17211.114754
2032.376369,1000,17229.729399
2922.562617,1000,17232.213405
2208.012009,747,17234.100618
1941.600453,1000,17252.79019
3229.622087,1000,17255.263095
1241.027558,1000,17300.216856
1956.112631,802,17302.192413
