#{"t_start": 1650999143.321653, "env_id": "NewRandomGoalAnt-v2"}
r,l,t
-71.001407,101,0.609407
-17.325198,18,0.655011
-68.32294,55,0.793494
-11.710088,10,0.819245
-45.692288,48,0.939359
-40.540512,44,1.049865
-124.704013,100,1.300231
-83.892108,76,1.493284
-61.669597,53,1.627388
-103.144827,123,1.933095
-28.006632,30,2.008113
-21.464046,16,2.047949
-25.006508,15,2.086003
-60.106431,69,2.259902
-164.37943,117,2.559694
-96.431238,57,2.704984
-136.036262,125,3.021826
-1058.441119,1000,21.586983
-59.092112,71,21.769515
-195.765791,151,22.152842
-15.222764,15,22.190354
-1125.499233,1000,24.754956
-91.372658,91,24.988575
-198.089685,158,25.391811
-104.181822,69,25.567143
-106.75492,105,25.832954
-0.574371,12,25.863813
-25.507222,24,25.92579
-70.117446,46,26.04145
-107.144894,69,26.216765
-138.36535,119,26.519485
-23.220104,17,26.563682
-42.86669,70,26.738773
-87.165575,87,42.895028
-59.958182,49,43.022452
-127.95143,143,43.389697
-120.106139,98,43.637706
-16.931397,56,43.781312
-94.69961,67,43.952127
-16.1828,12,43.983237
-11.468933,70,44.162486
-8.845019,10,44.188934
-71.742322,58,44.337726
-60.002905,66,44.506983
-1097.481336,1000,47.072326
-70.905244,95,47.312881
-30.786747,20,47.363793
-94.815432,94,47.601384
-120.153996,108,47.876571
-165.352734,127,63.793276
-53.36546,49,63.916698
-46.003516,40,64.018182
-1005.666287,1000,66.575501
-226.765729,199,67.087275
-42.903919,67,67.258244
-29.72083,40,67.361133
-39.652783,32,67.442505
-1028.688651,1000,85.871157
-56.473542,31,85.951035
-60.541631,51,86.081363
-93.555815,69,86.256546
-21.69453,20,86.308186
-106.163834,246,86.938069
-10.998452,12,86.968572
-275.261539,275,87.673012
-975.237462,1000,105.825036
-47.903459,54,105.962642
-23.053678,29,106.037302
-25.00767,34,106.123975
-36.977603,28,106.194826
-52.488899,27,106.263643
-35.085625,29,106.337214
-60.671982,39,106.437786
-80.896821,55,106.579784
-111.180554,161,106.990944
-64.26839,111,107.272652
-137.487911,125,107.589284
-28.944054,17,107.63274
-133.562355,112,107.91795
-46.593388,64,108.08016
-102.595636,85,108.295471
-31.728675,23,108.354241
-44.565532,44,108.465608
-81.778106,53,108.601977
-79.220076,63,108.763476
-67.591948,82,108.975155
-94.252381,66,109.144799
-30.348698,28,109.217303
2.3062,19,109.266428
-65.30088,55,109.408065
-34.781777,58,109.557437
-15.349211,45,109.673274
-169.072255,166,110.094612
-33.107249,33,110.178461
-170.820043,123,110.492827
-26.665752,28,110.564583
-14.500962,17,110.608382
-12.51496,41,110.712925
-984.769173,1000,130.925303
-24.132438,28,130.999724
-159.900208,148,131.378812
-11.103622,8,131.399578
-15.238173,16,131.439967
-10.178799,31,131.519532
-44.275503,51,131.649196
-3.463324,21,131.702533
-39.998674,33,131.786904
-31.752372,18,131.832966
-1042.808139,1000,150.22743
-24.771965,24,150.292108
-992.250253,1000,152.8538
-129.768098,67,153.025764
-61.476455,44,153.137346
-17.904721,20,153.18899
-92.996364,86,153.411169
-77.506195,102,153.670139
-39.466976,41,153.774246
-27.182924,20,153.825507
-14.767854,23,153.884326
-22.380706,35,153.972875
-94.49011,113,154.258763
-1018.526362,1000,172.454838
-198.467297,187,172.935427
-247.705224,199,173.444381
-973.673773,1000,191.883597
-80.188048,102,192.146983
-72.753677,67,192.320124
-107.48187,84,192.538187
-59.470744,50,192.66588
-17.841245,18,192.711976
-41.081175,28,192.783498
-96.240431,104,193.048856
-55.141521,30,193.126437
-45.914493,84,193.341501
-261.753433,185,193.815972
-20.847004,48,193.93861
-37.917433,32,194.019735
-35.732317,63,194.180881
-66.422551,56,194.323805
-37.03114,60,194.476927
-73.326564,94,194.717787
-93.904332,69,194.894297
-6.747003,12,194.925199
-24.094011,16,194.966329
-102.118592,129,195.301755
-82.402168,46,195.420081
-925.532036,1000,214.037398
-28.695434,23,214.09846
-25.412937,20,214.149428
-85.854847,59,214.302906
-69.398707,56,214.445612
-76.318442,79,214.646925
-59.422673,57,214.792113
-9.935737,51,214.922637
-63.699897,39,215.022202
-107.444273,54,215.160561
-20.775704,37,215.255395
-53.44086,103,215.518746
-69.476472,67,215.688091
-27.18301,23,215.7464
0.234576,31,215.825596
-18.674499,16,215.873792
-42.539417,52,216.010595
-54.898795,77,216.205751
-58.978822,74,216.39494
-29.739906,38,216.491358
-8.076816,13,216.524837
-100.346349,98,216.771932
-45.010926,39,216.873144
-73.975642,60,217.026313
-108.544892,130,217.35488
-76.141576,68,217.527517
-43.533787,58,217.675766
-33.516289,33,217.76058
-60.112899,132,233.814551
-11.346844,8,233.835577
-47.589806,64,233.999403
-157.447657,230,234.589276
-79.262589,228,235.175784
-82.537131,122,235.489613
-870.936487,1000,238.031801
-12.153092,28,238.102639
-65.103751,53,238.23662
-254.033532,280,238.949813
-96.001361,293,255.462601
-205.220562,214,282.245728
-161.578033,216,282.805548
-945.772042,1000,285.402277
-42.784079,31,285.482283
-829.189746,1000,304.036256
-84.03703,112,304.321076
-26.826419,25,304.384455
-43.505417,38,304.482211
12.792204,55,304.623175
-11.961419,21,304.676945
-18.218737,57,304.823082
-150.268388,159,305.232437
-761.065711,1000,323.720281
-897.494301,1000,326.287065
12.054624,59,326.440279
-13.488217,25,326.504709
-12.586703,14,326.540663
-132.861835,287,327.271618
-164.986302,139,327.627398
-47.135405,45,327.742613
-0.882191,16,327.783863
-47.355865,41,327.888932
-55.20022,43,327.998918
-80.934281,59,328.149812
-813.351241,1000,346.424744
-27.803669,17,346.469235
-770.866875,1000,349.014173
-125.283002,94,349.252429
-71.653693,94,349.489813
-9.539353,17,349.532347
-34.717375,28,365.414359
-18.223698,34,365.503671
-25.473309,37,365.597059
-65.504021,117,365.896906
-51.371215,133,366.235164
-64.535798,47,366.354932
-43.524485,69,366.535255
-33.328884,37,366.630022
-38.414376,114,366.918537
-36.284796,41,367.023435
-104.584041,100,367.280021
-54.069713,67,367.451562
-50.788237,70,367.630561
-88.020132,159,368.036561
-57.916323,39,368.136916
-94.536192,86,368.355223
-12.156238,82,368.566401
-11.258659,12,368.597575
-13.565174,28,368.669144
-42.091177,82,368.878369
-48.507835,97,369.12663
-96.89031,142,369.4886
-42.978335,54,369.624728
-807.620333,1000,387.910729
-47.214773,34,387.996167
-31.099311,37,388.089729
-60.013835,48,388.210967
-220.620951,262,388.870961
-15.227366,32,388.953001
-27.548204,89,389.179832
-7.044341,24,389.242209
-748.565353,1000,407.594263
-90.379403,80,407.796732
-176.225762,206,408.319292
-47.09979,57,408.465344
-192.616375,155,408.862017
-87.035503,124,410.877157
-21.309561,72,411.063522
2.612898,17,411.107501
-148.3256,120,411.416111
-885.094364,1000,413.999172
-110.647241,162,430.103372
-92.261779,175,430.556942
8.357746,81,430.765242
-97.187746,86,430.987529
-699.318995,1000,433.554108
-16.297656,22,433.611516
-209.161396,239,434.224233
-44.172994,47,434.345437
-16.51195,30,434.423278
-144.53433,136,434.771709
-22.693657,91,435.004627
-35.748646,94,435.246058
-86.068206,113,451.217975
-25.969175,21,451.273931
-765.679453,1000,453.836994
-16.169417,19,453.886549
-7.560655,8,453.907285
-170.242773,189,454.385612
-672.667586,1000,472.732065
-24.557139,52,472.867473
-111.910869,133,473.207644
-8.904054,17,473.251323
-32.764273,38,473.348909
-36.357848,114,473.63863
-4.784373,43,473.749013
-50.660827,63,473.909937
-12.690735,12,473.940361
-655.534415,1000,476.515736
-62.828851,128,476.843552
-716.367412,1000,495.279824
-103.248494,84,495.493204
-71.763049,103,495.753424
-16.177033,68,495.926177
-137.000429,179,496.38009
-24.254046,46,496.497255
-2.865336,29,496.571627
-77.715254,72,496.753763
-27.499457,51,496.882845
-6.86361,11,496.911146
-204.317638,280,497.626003
-24.129032,29,497.700379
-56.997859,74,497.888394
-221.142591,225,514.305248
-28.771183,77,514.504402
-17.99209,28,514.576242
-22.069202,27,514.645897
-7.31619,14,514.682153
-37.86842,100,514.938238
-70.158631,62,515.097453
-671.809769,1000,517.676037
-17.87875,41,517.781493
-1.660111,34,517.869874
-717.453587,1000,536.444937
-73.118389,198,536.950134
-49.310608,83,537.162647
-45.436663,43,537.273696
-37.782853,69,537.450593
-11.541986,25,537.514689
-22.50931,12,537.545608
-23.453941,71,563.967283
-688.435132,1000,566.542011
-16.947917,56,566.683742
-44.506971,58,566.830263
-79.467521,159,582.928689
-5.650496,11,582.957399
-43.247152,56,583.098906
-54.25096,76,583.288725
-30.685694,25,583.352085
-44.072425,80,583.553374
-597.259332,1000,586.115478
-33.934675,136,586.459836
-27.759502,75,586.6517
-66.558378,103,586.913462
-10.730487,43,587.023366
-639.541426,1000,605.350836
-38.43821,99,605.604071
-185.681596,293,606.349971
-31.724982,32,606.432348
12.848662,44,606.544772
-35.70668,34,606.63153
-83.095816,130,606.961426
-39.732938,76,607.153779
-553.878789,1000,625.313654
-43.85515,101,625.572061
-43.988725,150,625.956733
-13.366034,38,626.054096
20.400015,59,626.205235
-82.745105,115,626.498754
-7.981382,12,626.528988
-11.575471,20,626.579257
-583.909352,1000,629.107427
-59.808863,82,629.315164
-103.538764,133,629.650924
-59.287837,50,645.457385
-645.723038,1000,648.02714
-5.328541,30,648.102743
22.693353,61,648.25526
-47.1697,41,648.358617
-16.87189,68,648.528663
-9.104288,67,648.69733
-29.521307,60,648.847635
-30.047451,18,648.893491
-142.947903,137,649.241944
-8.286954,31,649.322333
-76.493164,113,649.612312
-66.164275,133,649.952217
-130.580125,179,650.409089
-95.491177,217,666.617983
-117.983056,222,667.182805
-600.007898,1000,669.717943
1.529249,47,669.839114
-19.876336,39,669.939646
-67.036192,53,670.076248
-9.220534,18,670.122794
-2.515302,17,670.166402
-28.09535,45,670.282042
-16.604929,269,670.968805
-67.457952,62,671.126789
-35.748638,85,671.343577
-16.484138,89,687.245785
4.648598,129,687.574301
-25.504173,62,687.732044
-93.645074,92,687.96271
-19.620996,43,688.069585
-36.490962,122,688.372473
-33.623399,145,688.734298
-108.028652,161,689.136618
-46.600986,60,689.288294
-1.924206,10,689.313728
-10.800441,20,689.364805
-143.437369,245,691.652407
2.415654,85,691.871751
-95.665916,173,692.317001
-58.964925,130,692.650426
-557.69194,1000,710.893159
-614.710259,1000,713.442366
-33.709368,126,713.764514
-529.610062,1000,731.978058
-516.402201,1000,734.517145
-15.693968,111,734.795186
-116.598445,292,735.524171
-6.293346,21,735.577346
1.34013,40,735.677823
4.019387,70,751.533817
-44.595713,56,751.676553
-496.811252,1000,754.223683
-55.997173,56,754.365541
-87.779313,213,754.902521
3.189815,48,755.024687
-469.542239,1000,773.291934
-558.211171,1000,775.851279
-40.898225,90,776.081288
-404.066724,1000,794.624069
-41.356206,51,794.755343
-36.139505,211,795.29192
-430.633446,1000,797.84855
-12.227675,18,797.894504
-70.767383,120,798.195719
-417.351027,1000,816.42134
-12.111399,26,816.486715
-108.655138,238,817.082253
-16.875744,25,817.144972
-63.279262,88,817.365491
-1.494827,58,817.50998
-9.441278,84,817.719025
-86.640301,163,841.990245
-28.326594,44,842.101209
-55.501735,110,842.377076
-25.154158,40,842.479956
36.903379,80,842.679351
2.593336,130,843.007973
-39.065334,108,843.280349
-416.755574,1000,861.504503
-58.701753,64,861.664891
-137.842103,649,863.290207
-96.758682,173,863.724619
-3.66238,10,863.750552
-58.144152,316,880.613058
-43.934095,64,880.774323
-55.909017,69,880.947859
-57.941192,106,881.216277
25.511592,111,881.496154
-159.72937,378,882.458744
-4.84135,189,882.93671
-14.383173,19,882.98528
-151.200828,232,883.574496
-54.098185,52,883.707196
-6.11487,36,883.798853
-373.978012,1000,902.183492
-78.077977,159,902.588792
-130.769346,158,902.993021
-15.420264,85,903.20846
-12.156852,95,903.449819
-134.754077,167,903.875274
11.019823,37,903.969421
-360.543331,1000,906.511463
-86.852937,182,922.918338
-2.934645,146,923.293212
-11.033141,127,923.616945
-29.411283,44,923.728916
-6.075285,20,923.779138
6.758467,27,923.848065
-258.852298,1000,926.385566
-28.950156,96,926.627587
0.943667,23,926.685171
-357.267172,1000,945.179389
-65.931902,129,945.506237
-60.34546,257,946.147888
-110.923119,470,947.33116
-29.239239,155,947.721375
-4.644034,66,947.888188
-396.914462,1000,966.376698
12.045319,38,966.47365
-37.063481,44,966.585674
-44.607399,358,967.48903
-147.34008,219,968.039366
1.776832,87,968.257113
-84.111895,155,968.645842
21.642773,77,970.497281
1.350281,328,971.323707
-416.77866,1000,989.879302
43.289891,72,990.061883
-338.821949,1000,992.59088
-63.821897,148,992.968503
-24.913685,46,1008.951989
-20.149224,29,1009.027656
-11.807715,20,1009.07879
-8.079425,52,1009.213327
-49.691193,67,1009.384636
-0.515003,103,1009.647472
-18.029659,112,1009.934928
-233.839608,488,1011.178435
-90.569919,249,1011.808551
9.87711,38,1011.906415
14.219993,48,1012.029284
-33.473529,332,1012.872503
28.899968,85,1013.086723
23.911393,59,1013.237174
-287.615382,1000,1031.843642
-35.564919,272,1032.53144
-9.389384,72,1032.713676
-226.020616,504,1033.997111
1.721254,192,1034.486568
-128.871075,341,1051.29893
-46.017463,98,1051.547735
7.652125,22,1051.602998
-352.229866,1000,1054.142961
15.972482,68,1054.314305
-79.907582,237,1054.910338
-63.778076,224,1055.476635
-13.285135,213,1056.017969
-331.776688,1000,1074.49169
32.570388,52,1074.626035
-259.767003,1000,1077.173778
-71.37879,163,1077.585178
-79.133773,309,1094.257267
-0.399503,35,1094.346797
5.753481,10,1094.372249
-19.68882,66,1094.541195
-5.028916,57,1094.686868
-27.861954,102,1094.943722
-74.235867,130,1095.269381
-193.847154,1000,1097.815198
-261.353725,1000,1141.633857
23.2258,75,1141.826063
-23.782973,263,1142.493266
-44.303638,175,1142.936485
-71.837481,168,1143.356659
10.492851,79,1143.553798
-82.944165,308,1144.328152
5.53196,54,1144.46399
-17.295177,126,1144.782726
9.890048,15,1144.821356
-8.344057,28,1144.892151
-101.599419,244,1161.490457
-16.88483,173,1161.929868
-172.206816,556,1163.344519
21.060431,26,1163.411461
-162.072856,1000,1165.953254
-18.936635,180,1182.13304
-190.954995,1000,1184.680397
-31.866961,75,1184.870619
-11.121953,164,1185.291864
-147.512971,1000,1203.60704
-23.249732,170,1204.038128
7.096707,219,1204.591212
2.657286,202,1205.102456
17.051491,328,1205.941922
-280.517855,588,1207.440966
44.347128,152,1207.824465
-11.628498,154,1208.211096
59.741791,92,1224.091856
-14.823556,322,1224.902769
-22.126547,133,1225.23725
-10.493705,28,1225.307557
-31.5525,128,1225.627654
-168.454256,1000,1228.167667
-12.548792,113,1228.455728
-17.958955,86,1228.671928
11.026671,48,1228.791987
-93.786465,569,1245.983182
-119.289142,502,1247.275584
-6.925991,540,1248.642229
-104.76703,177,1249.09106
14.554189,95,1249.332897
-33.698922,71,1249.512948
-121.21704,241,1267.640929
17.663724,90,1267.871719
15.394712,68,1268.047036
17.397319,134,1268.389743
-19.116538,27,1268.45892
2.358837,71,1268.638771
-75.836497,369,1269.582125
-13.946166,93,1269.820378
25.635624,131,1270.151074
-6.702234,1000,1272.69109
28.880783,179,1288.975761
-113.888365,812,1291.031271
-48.131844,323,1291.846349
-14.509392,101,1292.103585
-124.125628,1000,1311.544579
-10.635363,191,1312.029311
53.046008,146,1312.397938
32.43242,131,1312.728223
11.279191,46,1312.843478
5.306573,153,1313.230371
61.326573,297,1313.977493
74.099557,243,1314.591769
8.411276,118,1314.887161
-29.735666,822,1332.75385
32.612831,86,1332.973027
-47.923888,137,1333.320531
-6.621871,55,1333.462192
0.317252,62,1333.619257
-11.820539,140,1333.974279
117.658446,513,1335.27329
113.790963,962,1353.52896
6.323977,617,1355.093054
86.651198,532,1356.435027
7.473648,48,1356.557938
-9.991173,13,1356.59094
50.635938,87,1356.811177
32.201018,370,1357.743302
-1.295642,63,1373.720232
4.405607,901,1376.003624
-0.978089,128,1376.327895
6.065571,75,1376.517915
-104.585655,609,1378.06482
33.871439,436,1421.512511
71.742153,290,1422.255202
17.411414,1000,1424.799501
21.135212,229,1425.375281
19.014764,80,1425.577944
-34.218581,1000,1444.081885
136.88099,308,1444.858138
4.06506,199,1445.361169
-23.315524,1000,1463.835728
-27.651678,1000,1466.367619
56.926538,807,1468.391376
-9.540155,222,1484.692132
26.293039,174,1485.131508
30.591025,97,1485.377443
138.026848,590,1486.859917
39.195633,498,1488.105949
41.460089,1000,1506.640193
51.028278,251,1507.27603
-8.122395,146,1507.647446
-83.729864,474,1508.848937
171.165878,531,1510.186707
6.952785,748,1527.836314
-27.29768,342,1528.696888
41.829878,1000,1531.220746
290.776838,1000,1551.907977
169.324436,1000,1554.437556
16.534249,38,1554.533781
156.772582,1000,1573.054188
132.835098,1000,1575.61058
278.851485,1000,1593.922436
45.34577,198,1594.428333
67.751489,105,1594.69777
134.997974,500,1595.979086
140.393013,1000,1614.152957
378.676285,1000,1616.660691
311.014527,927,1635.897768
213.439998,1000,1638.423874
550.764942,1000,1656.730366
128.256132,266,1657.39585
452.218979,1000,1659.932607
60.887366,85,1660.150571
285.381916,1000,1704.257332
-15.650028,1000,1706.770415
479.504536,1000,1724.980127
88.117932,1000,1727.50522
297.19007,1000,1745.571894
37.101008,220,1746.129069
585.857865,1000,1748.65126
153.503294,368,1765.522113
417.673479,1000,1768.046457
501.041373,1000,1786.410111
123.888544,377,1787.361438
484.41308,1000,1789.879004
371.10668,935,1808.062465
103.529609,342,1808.925653
157.848426,640,1810.534396
380.182742,803,1828.193953
206.285223,1000,1832.388839
725.206824,1000,1834.910524
185.384321,1000,1853.55413
271.917997,1000,1856.072453
181.692045,1000,1874.212208
145.440446,284,1874.928452
432.001664,716,1876.724895
406.500125,1000,1895.117425
860.547769,1000,1897.633196
202.716314,291,1914.307239
387.824221,603,1915.825643
462.299811,1000,1918.342809
833.759692,1000,1936.758032
524.711273,1000,1939.277346
814.92081,1000,1957.789566
155.021759,322,1984.471252
344.493368,1000,1986.997833
118.582646,351,2004.119904
225.139067,293,2004.857357
411.767268,1000,2007.375303
614.227297,721,2025.023613
626.146634,1000,2027.546239
845.528105,1000,2046.096275
548.442493,1000,2048.629174
942.749671,1000,2066.888988
444.914333,1000,2069.418562
602.960986,1000,2087.674356
940.474849,1000,2090.204255
30.589691,32,2090.285533
311.6074,1000,2108.859543
1088.878736,1000,2111.372886
901.493472,1000,2131.402563
282.715648,1000,2133.931061
401.60151,422,2134.998732
392.527229,1000,2153.503856
657.359134,1000,2156.031663
545.158098,1000,2174.266002
474.592868,1000,2176.785674
1396.421933,1000,2195.342168
995.904181,1000,2197.866617
769.620633,1000,2216.271426
380.923304,884,2218.507717
555.581051,1000,2236.872742
1204.940189,1000,2239.405408
636.128158,1000,2282.710524
869.470477,1000,2285.25561
1440.26645,1000,2287.783759
851.334943,1000,2306.186757
1473.708319,1000,2308.710056
82.664796,48,2308.831164
1051.592796,1000,2327.134239
1330.907758,1000,2329.649936
172.810655,179,2345.922053
543.577084,1000,2348.818732
652.442878,1000,2367.373565
1332.437332,1000,2369.902601
223.086586,143,2370.264801
875.492761,1000,2388.84866
1608.186039,932,2391.239783
982.654581,1000,2411.699172
838.40461,1000,2414.259748
1060.66902,1000,2432.654926
900.352781,1000,2435.207917
85.840895,72,2435.389651
1073.922838,1000,2453.829332
868.391017,1000,2456.380896
851.22724,1000,2458.928027
842.253575,1000,2477.102634
1085.280185,1000,2479.638592
915.12362,1000,2497.81617
395.440472,257,2498.470948
888.96242,917,2516.530725
540.704092,1000,2519.076821
795.994702,1000,2560.673709
1210.682266,1000,2563.220708
1145.951924,1000,2565.777325
361.85327,352,2582.387139
1711.895561,1000,2584.935683
399.739321,263,2585.602817
192.963383,207,2586.129416
1300.194984,1000,2604.674556
1433.743834,1000,2607.217803
821.005435,1000,2625.712758
1236.380025,1000,2628.246652
1021.516773,1000,2646.685917
1194.167604,1000,2649.211827
1867.631597,992,2667.44128
1228.222529,1000,2669.98199
1123.380197,614,2689.672882
1383.889143,1000,2692.222168
1467.753717,1000,2710.749002
399.227593,222,2711.313337
1269.894479,1000,2713.851931
793.569296,1000,2732.240854
1066.488727,1000,2734.768815
1127.295342,1000,2753.394128
990.64148,683,2755.1313
1538.365395,1000,2757.690656
924.028917,800,2775.75769
1119.581375,738,2777.625981
1075.635353,1000,2796.027079
378.157847,190,2796.511109
1095.092907,1000,2799.03979
1105.176207,1000,2841.090234
1273.525469,1000,2843.648487
1143.692106,1000,2862.32415
930.983328,1000,2864.871123
37.922912,34,2864.959683
10.834145,11,2864.987629
1910.878831,1000,2883.861978
1626.718956,1000,2886.395897
437.827137,483,2887.622353
1493.426081,1000,2906.498859
1315.775503,1000,2909.040127
1256.064228,1000,2928.131706
1407.710385,1000,2930.669188
2159.642387,1000,2949.372834
848.456648,452,2950.518252
2128.947392,1000,2969.274846
1356.161346,945,2973.332026
1613.351366,1000,2991.938732
1713.201419,1000,2994.483608
1013.673613,677,2996.202103
1014.023918,577,3013.611088
1246.681008,1000,3016.156
914.506823,490,3017.405491
1781.715607,1000,3035.928908
1094.266928,1000,3038.469528
2094.291428,1000,3056.898676
1745.584809,1000,3059.434489
1543.459876,1000,3077.961305
987.911424,424,3079.035391
2219.165366,1000,3097.340934
817.213371,1000,3125.276922
1437.331231,1000,3127.801318
1232.280061,1000,3146.301347
934.249721,568,3147.751061
519.947216,245,3148.371592
1405.862442,1000,3168.275286
1939.152597,1000,3170.809597
1087.487428,1000,3189.242227
2439.381539,1000,3191.788899
883.388765,414,3208.890935
1262.502211,1000,3211.417396
1254.235446,1000,3229.888422
734.360778,443,3231.013307
292.028377,275,3231.718262
1974.100397,1000,3234.260513
1992.604757,1000,3252.690914
1496.866119,1000,3257.121081
1576.887001,1000,3276.020292
1531.388528,1000,3278.572499
2029.811423,1000,3296.986861
75.212438,50,3297.114757
1516.322969,1000,3299.660666
1346.234264,1000,3318.273521
1717.025937,1000,3320.811833
1421.580212,1000,3339.558389
1872.342875,1000,3342.127232
1811.651416,1000,3360.544941
1455.294784,1000,3363.120594
2150.998633,1000,3381.491256
951.537086,1000,3407.678071
963.27561,1000,3426.336509
62.092492,34,3426.423293
1040.718788,1000,3428.987265
2243.789168,1000,3447.408044
1549.876129,1000,3449.927627
1097.870848,1000,3470.311826
1929.525156,1000,3472.866859
928.002315,1000,3491.670055
1207.578022,554,3493.058652
2059.903501,888,3495.283075
1125.213229,1000,3513.959359
1416.59146,697,3515.731412
1253.361576,1000,3534.369875
2389.806371,1000,3538.951596
948.187925,1000,3557.759744
333.150078,110,3558.036673
767.374594,608,3559.610497
1681.42947,1000,3562.158113
2177.682649,1000,3581.115972
2527.730921,1000,3583.660292
1307.014823,1000,3602.332636
1347.044007,1000,3604.91274
1132.229233,1000,3623.521692
1268.16524,769,3625.472379
2018.562105,1000,3644.127699
1043.440411,1000,3646.69166
2103.176714,1000,3665.303964
201.636644,99,3665.553544
1685.961841,1000,3691.615641
2392.376967,1000,3710.180508
1864.288702,1000,3712.721765
2366.761514,1000,3731.101057
2245.396819,1000,3733.635018
972.327565,1000,3752.234438
1803.817991,1000,3754.78648
1863.290072,1000,3773.510225
2211.287402,1000,3776.041379
795.023083,1000,3794.574753
2279.519991,1000,3797.114763
2494.252255,1000,3815.430904
2173.899755,1000,3817.95549
1390.567157,615,3821.181254
1860.477223,1000,3839.752206
361.759793,240,3840.37054
2378.57006,1000,3858.931729
2536.45419,1000,3861.49659
2524.02657,1000,3880.236188
1391.153692,1000,3882.781693
1454.237227,715,3884.578361
865.107996,1000,3903.327111
1979.436241,1000,3905.855626
1228.257531,1000,3924.646726
1224.861697,1000,3927.192795
1257.627539,1000,3947.380698
697.90085,228,3947.956192
1636.678524,1000,3975.569403
1414.168649,1000,3994.121957
2774.303987,1000,3996.664098
1004.602669,1000,4015.269292
1703.199966,1000,4017.826247
1568.191901,1000,4036.572021
2771.365514,1000,4039.124042
1632.166745,885,4057.47207
1039.771183,415,4058.53178
2824.918389,1000,4061.064362
2033.373423,754,4079.33361
1127.499959,1000,4081.905286
1476.060485,1000,4100.67659
1044.085288,1000,4103.268462
543.876932,225,4103.837595
2743.988857,1000,4124.476705
2225.414702,1000,4127.03387
1602.980892,1000,4146.091856
2243.882941,1000,4148.616073
1425.537287,1000,4168.280125
2934.008951,1000,4170.818349
145.754373,60,4170.970278
3035.226859,1000,4189.985327
3278.164155,1000,4192.513497
2735.529106,1000,4211.274966
2397.437934,1000,4213.812769
2788.086368,1000,4232.59448
3438.541632,1000,4235.133019
641.158638,1000,4277.6878
1300.84484,1000,4280.293089
1922.134678,1000,4298.977587
2274.496065,1000,4301.512447
2698.008162,1000,4320.356092
1324.819292,1000,4322.932161
284.36091,139,4323.285502
3159.66429,1000,4342.100995
1951.40792,1000,4344.645692
1303.88638,1000,4363.553756
1250.805554,1000,4366.100972
1631.687706,1000,4384.804692
778.705503,1000,4387.359818
1656.067503,571,4388.809249
795.83703,721,4408.85571
1876.995152,1000,4411.367684
1358.957447,641,4429.210207
3138.978632,1000,4431.719393
2262.017626,1000,4450.266422
1102.334663,1000,4452.856651
1220.769611,345,4453.726841
1510.811605,1000,4472.578242
1122.027554,1000,4475.120237
2430.62989,1000,4494.096231
2297.531365,1000,4496.631099
268.177122,250,4497.260712
2807.364882,1000,4516.116184
1313.546021,1000,4518.67451
1370.932766,614,4536.312449
3043.447448,1000,4564.491912
2270.813805,1000,4583.120834
3083.247828,1000,4585.700428
1663.779493,1000,4604.667404
1087.778936,453,4605.827698
1371.938509,1000,4608.426661
2653.897801,1000,4627.455761
2903.832084,1000,4630.013174
2393.393182,1000,4648.586009
2912.494311,1000,4651.139959
3294.296016,1000,4669.674388
2850.070961,1000,4672.224612
2725.074562,1000,4690.646081
2187.109952,1000,4694.826056
12.397713,13,4694.860105
1439.793137,1000,4715.030505
1925.966403,1000,4717.635508
935.200345,1000,4736.235728
3111.25184,1000,4738.758285
1769.931724,1000,4757.586068
1350.859704,1000,4760.152905
2797.333473,1000,4778.847156
3417.195608,1000,4781.388999
1467.77685,1000,4800.039814
1389.025672,1000,4802.596404
3514.783863,1000,4821.26808
3022.780388,1000,4847.714094
844.379734,405,4848.753148
2297.08641,1000,4867.379172
2736.734546,1000,4869.916344
1847.500112,1000,4888.624302
1594.160102,1000,4891.176691
1858.810228,1000,4910.111776
1486.359401,1000,4912.661732
1806.77527,1000,4932.235433
599.71796,1000,4934.870966
1165.1714,1000,4953.756341
1762.479574,1000,4956.3453
1658.650444,1000,4975.131898
1459.924508,1000,4977.66376
886.775058,1000,4998.334885
2464.563195,1000,5000.886189
2319.239295,1000,5019.83813
1355.340559,1000,5022.407799
1182.06461,350,5023.292574
3145.957281,1000,5042.030622
3543.292795,1000,5044.627837
3607.626803,1000,5063.22387
2287.696161,1000,5065.811303
3719.590099,1000,5084.524769
2059.296824,680,5086.228755
3508.030684,1000,5105.012807
3085.19564,1000,5107.54787
3285.465373,1000,5134.852797
3125.583706,1000,5153.721022
859.275671,541,5155.118765
2127.4025,1000,5174.069197
1520.438114,1000,5176.634126
417.246326,214,5177.170877
1715.400292,1000,5195.775378
2211.003575,1000,5198.318934
2346.027676,1000,5218.033523
2466.543504,1000,5220.565316
1020.506725,1000,5239.56736
2014.093648,1000,5242.131487
317.287017,183,5242.598625
2252.777219,1000,5261.560103
2711.407061,1000,5264.135467
3345.197366,1000,5284.876763
2449.944573,1000,5287.423533
3333.533026,1000,5305.996476
1064.385535,596,5307.532032
3083.305257,1000,5326.156275
1831.431865,1000,5328.696069
1965.224104,1000,5347.404714
2946.790735,1000,5349.961935
2236.269922,1000,5369.03654
1110.691357,1000,5371.614133
655.304453,233,5372.200404
3339.798863,1000,5391.112636
1239.223397,1000,5393.767899
3079.89895,1000,5436.415396
569.758099,242,5437.046602
3393.595896,909,5439.325386
2571.657636,865,5457.811583
3586.020983,1000,5460.400109
3230.33518,1000,5479.039071
1228.044425,633,5480.667922
1849.05006,1000,5483.210083
2651.208986,1000,5502.13631
1173.120748,1000,5504.742695
3114.252195,1000,5523.844692
1497.436954,1000,5526.452027
3653.108315,1000,5545.284824
918.541952,489,5546.529626
3063.696619,1000,5566.04279
3100.928516,1000,5570.565971
2968.166898,1000,5573.091656
2485.38545,824,5591.512982
2119.188763,1000,5594.041396
2549.770077,1000,5613.086759
1266.843501,1000,5615.754998
2577.190899,1000,5634.75059
3258.011226,1000,5637.277808
2702.779776,1000,5656.344466
1017.558617,1000,5658.999485
1688.628173,1000,5677.867206
971.402048,1000,5680.517138
460.583999,138,5680.867921
1579.363901,1000,5722.89062
1598.91068,1000,5725.49139
1966.172968,1000,5744.259453
803.396346,1000,5746.894428
2932.120316,1000,5765.841448
2762.704212,1000,5768.393207
1949.18378,1000,5787.008025
2527.148283,982,5789.512919
2918.373716,1000,5808.764624
3281.578032,1000,5811.311464
2676.694632,1000,5830.250748
1552.4277,1000,5832.817267
3180.816288,1000,5851.864757
2129.204275,1000,5856.099344
2040.86709,1000,5875.175367
613.952001,348,5876.060737
2070.05972,1000,5878.608326
3131.716896,1000,5897.676396
2702.183786,1000,5900.26526
1878.735151,1000,5918.98363
2891.204774,1000,5921.630615
3134.423659,1000,5940.665564
2094.635725,1000,5943.225587
3126.826632,1000,5962.121284
2975.948804,1000,5964.677806
2853.738921,1000,5983.566057
1532.146838,1000,6011.114291
1938.240182,1000,6030.047288
1926.407941,1000,6032.647663
2029.6371,1000,6051.637866
1824.128086,1000,6054.194858
1928.304296,1000,6074.132901
1713.793921,1000,6076.806656
448.215929,265,6077.504005
2299.071729,1000,6096.551509
2034.941995,1000,6099.13451
2195.954097,1000,6117.673408
764.135663,1000,6120.353627
2080.648804,1000,6139.291411
3447.289497,1000,6143.792233
2352.394185,1000,6162.585838
3233.631185,1000,6165.15142
2082.708686,1000,6184.107414
1612.422403,1000,6186.70597
1869.906292,1000,6205.555264
1779.241528,1000,6208.170603
1727.786215,1000,6227.226331
3530.639218,1000,6229.832607
3031.865204,1000,6248.738345
3361.007889,1000,6251.31136
2971.560156,1000,6270.02635
3604.762387,1000,6272.559766
2720.667608,1000,6314.809968
3181.453126,1000,6317.350491
2169.399888,1000,6336.305695
2092.994631,1000,6338.8681
1545.285844,882,6341.140558
3388.344861,1000,6359.870692
506.186407,606,6361.525837
2423.999093,1000,6380.188463
1625.580545,1000,6382.794084
1858.129645,574,6384.250506
3305.040628,1000,6403.124448
1799.232761,1000,6405.807439
2736.759447,1000,6424.135103
1840.017394,1000,6428.445061
362.963623,229,6445.200129
2224.41071,1000,6447.765548
2375.977693,1000,6466.943053
2684.101534,1000,6469.505669
2163.084079,1000,6472.056107
599.364819,269,6488.945307
3156.813562,1000,6491.477416
3229.887377,1000,6510.470261
2933.803915,1000,6513.039881
1341.722932,1000,6531.975151
3179.74954,1000,6534.510359
2266.116271,1000,6553.721228
636.411568,1000,6556.393618
740.695158,1000,6598.680013
2028.366533,1000,6601.345939
3083.003665,1000,6619.849109
2590.581489,1000,6622.453917
2160.095644,1000,6624.998151
3665.422056,1000,6643.301417
2784.452389,1000,6645.839164
2556.577278,1000,6664.574533
2569.98626,1000,6667.137584
1949.014534,1000,6686.052334
3610.261906,1000,6688.665147
1952.420393,1000,6707.652614
1904.346329,1000,6712.032061
3085.192335,1000,6730.404986
2401.038478,1000,6732.998616
1594.695092,1000,6751.800097
3315.792636,1000,6754.341637
2111.096856,1000,6773.526331
2486.78276,1000,6776.082832
718.527958,245,6776.720518
2166.980309,1000,6795.559603
1917.781079,1000,6798.117729
883.331633,1000,6816.938799
3330.819485,1000,6819.532516
1412.104517,1000,6838.282687
2656.520015,1000,6840.858465
2721.083483,1000,6884.960934
2214.301912,946,6887.380447
1859.601856,1000,6906.051118
3229.424942,1000,6908.664969
1126.649657,1000,6927.157581
2120.769806,1000,6929.750207
2996.149782,1000,6948.880769
1281.599032,1000,6951.529728
3585.784537,1000,6970.260164
3349.001417,1000,6972.801476
816.200479,485,6974.035925
1098.293679,1000,6992.355491
3317.67424,1000,6994.857651
3501.083752,1000,7015.08588
2058.85615,1000,7017.659969
2282.66353,1000,7036.275658
2138.455258,1000,7038.879045
2124.787381,1000,7057.581349
1541.881162,1000,7060.199227
2815.532889,1000,7078.959524
3794.059158,1000,7081.51168
1519.226731,1000,7100.291483
1592.5054,1000,7102.902179
3173.8247,1000,7121.459071
2089.534047,1000,7124.009007
3193.519903,1000,7166.371156
1889.277556,1000,7168.908319
1400.952736,1000,7187.981041
2200.472726,1000,7190.532966
2918.949294,1000,7209.124398
1467.22469,1000,7211.688932
3607.882301,1000,7230.701788
2081.607785,1000,7233.317064
3279.110224,1000,7251.966574
3640.947831,1000,7254.515909
2237.243618,1000,7273.295828
708.231623,1000,7275.977831
1442.667478,1000,7294.81109
2772.333156,1000,7299.102323
2335.041037,1000,7318.151318
1050.130621,1000,7320.769339
2831.726364,1000,7340.976971
3154.236541,1000,7343.551666
3405.567428,1000,11659.011187
2024.666847,1000,11661.624951
2417.146742,1000,11679.756995
694.047537,1000,11682.389855
754.77809,1000,11700.725171
1135.081133,1000,11703.335754
1794.555825,1000,11721.9104
506.552973,135,11722.267336
3069.927911,1000,11748.569687
3909.821547,1000,11766.878276
3677.044424,1000,11769.414952
3721.175631,1000,11788.112386
3296.509679,1000,11790.627477
1769.2622,1000,11793.154289
2608.15423,1000,11811.427577
3600.256534,1000,11813.993648
1697.866226,886,11831.861159
572.626119,1000,11834.565784
3330.73644,1000,11853.123391
2552.707187,1000,11855.65672
2288.929761,1000,11873.739184
766.85704,1000,11877.991568
3540.733886,1000,11896.588467
1007.846433,1000,11899.190888
2821.613059,1000,11917.579684
3589.698123,1000,11920.214494
2258.132762,1000,11938.658031
3472.082805,1000,11941.284591
3368.639993,1000,11959.728338
3375.059899,1000,11962.264701
3294.591712,1000,11980.396702
1441.903373,1000,11983.028969
3451.941409,1000,12001.457046
1024.520518,1000,12026.917202
916.334896,351,12027.811387
2563.265247,1000,12046.39961
1660.655327,1000,12048.981454
2795.90224,1000,12067.678695
189.973089,68,12067.852878
793.71604,1000,12070.443871
1587.000758,1000,12088.760363
1982.722583,1000,12091.3489
2091.119541,1000,12109.60873
3112.703379,1000,12112.178383
2030.606459,1000,12130.603671
998.954913,600,12132.122822
1386.1801,1000,12150.42694
1657.304421,622,12152.017375
3042.749911,1000,12156.293922
1029.150101,1000,12174.724746
3221.355178,1000,12177.256437
3738.79499,1000,12195.647887
3222.830058,1000,12198.207624
1468.026305,1000,12216.627318
1695.31501,1000,12219.226293
3680.895504,1000,12237.779291
1191.725192,1000,12240.38355
2081.503202,1000,12258.695493
484.001013,210,12259.245379
3350.121622,1000,12261.864511
1269.036127,1000,12280.15323
3289.603867,1000,12305.997765
2193.331306,1000,12324.428346
2132.814094,1000,12326.97579
2752.502979,1000,12345.179311
2576.367731,1000,12347.699384
3579.808547,1000,12366.255017
3127.958661,1000,12368.780346
2314.440035,1000,12387.278863
1420.968558,1000,12389.877903
2205.197738,1000,12408.052284
2716.83403,1000,12410.573461
1845.801735,1000,12429.270858
3624.541392,1000,12431.829818
1526.337282,1000,12451.989299
2259.158462,1000,12454.507668
1020.840125,1000,12473.116361
715.105748,1000,12475.754934
3214.519026,1000,12493.966699
1760.538281,1000,12496.611593
3409.585426,1000,12515.044382
3129.032064,1000,12517.661436
1924.548641,1000,12535.939995
3092.497802,1000,12538.462578
1185.19952,1000,12557.206837
2593.393406,1000,12559.768184
3770.694249,1000,12601.603938
3930.312413,1000,12604.232938
1219.477939,1000,12623.06525
3295.627433,1000,12625.626608
2157.405706,1000,12643.871461
3694.432617,1000,12646.417274
2108.262823,1000,12649.048958
1883.12981,1000,12667.343874
1475.844225,1000,12669.919168
3596.717358,1000,12688.291868
3251.069697,1000,12690.839605
3825.523217,1000,12708.966185
2142.557507,1000,12711.567533
671.800761,1000,12731.601692
1184.39895,1000,12734.244899
3346.26608,1000,12752.653641
2352.751024,1000,12755.187327
3155.43203,1000,12773.539673
3507.704125,1000,12776.113443
742.462885,1000,12794.924099
1518.573071,1000,12797.553729
3284.471085,1000,12815.828231
3596.574515,1000,12818.353141
3879.33951,1000,12836.556848
3299.839841,1000,12839.133106
2573.932689,1000,12880.988415
2352.536039,1000,12883.615953
3463.092451,1000,12902.008074
1327.76297,1000,12904.641421
3436.58158,1000,12922.811818
3607.262684,1000,12925.349345
3435.486698,1000,12943.77871
2017.373774,1000,12946.345813
3478.545834,1000,12964.569764
3247.701995,1000,12967.061414
3582.471518,1000,12985.894953
2641.637039,1000,12988.414632
2470.162454,1000,13006.853133
2182.122646,1000,13011.246494
3185.777972,1000,13029.783022
1707.447482,1000,13032.335502
3555.197802,1000,13050.571068
912.453733,1000,13053.212012
3464.248324,1000,13071.736789
2154.284756,1000,13074.390815
1545.024562,1000,13092.51022
1282.963585,1000,13095.079573
1282.355774,1000,13097.655067
2757.751625,1000,13116.072325
2382.189241,1000,13118.701766
2570.11917,1000,13160.202038
1621.612657,1000,13162.844193
1768.291687,1000,13181.262525
2788.597088,1000,13183.810586
3207.663042,1000,13202.023705
2523.824546,1000,13204.712018
3295.829282,1000,13223.30034
1300.771029,1000,13225.962975
1880.238693,1000,13244.110392
3496.793918,1000,13246.623464
1170.627978,1000,13265.083663
3705.864476,1000,13267.694062
1993.570329,1000,13286.151158
622.659369,1000,13290.476122
3818.61817,1000,13308.941574
2205.337464,1000,13311.543206
3220.212229,1000,13329.972477
3348.055184,1000,13332.557503
2560.808782,1000,13350.9566
1640.38607,1000,13353.58269
2157.994162,1000,13372.134854
3511.116888,1000,13374.665835
3966.843654,1000,13392.729913
3618.916063,1000,13395.274345
535.918801,251,13395.952521
3473.144394,1000,13414.45123
2449.350794,1000,13440.00961
2574.736931,1000,13458.391922
1050.174494,1000,13461.064759
3506.831852,1000,13479.669255
743.723146,1000,13482.34179
2086.807521,1000,13500.707495
1308.099123,1000,13503.345644
2530.761091,1000,13521.922441
2858.275343,1000,13524.450654
3520.333454,1000,13542.832992
3457.398696,1000,13545.403856
3910.673168,1000,13563.701185
956.507303,1000,13566.296318
3744.88018,1000,13586.569455
743.52751,1000,13589.167578
3387.951037,1000,13607.773835
723.160346,1000,13610.421627
4033.799124,1000,13628.985332
2727.25522,1000,13631.55941
3482.419235,1000,13649.858221
2154.184117,1000,13652.444769
1741.59168,1000,13671.163737
2376.886503,1000,13673.771132
2805.458729,1000,13692.158028
3280.027641,1000,13694.738085
2295.826089,1000,13736.185087
2829.22704,1000,13738.788259
2758.748783,1000,13741.427302
2559.634815,1000,13760.267493
920.554024,1000,13762.954575
3803.283865,1000,13781.531193
2774.379007,1000,13784.101073
787.725502,1000,13802.476861
3377.677953,1000,13805.076752
1610.241541,1000,13823.816997
3218.576013,1000,13826.351857
705.435763,1000,13844.993846
3711.431657,1000,13847.577416
3763.341456,1000,13867.917267
3376.690396,1000,13870.424012
1160.803446,1000,13889.253465
2317.563041,1000,13891.830208
3626.415117,1000,13910.646697
9.904971,9,13910.669753
3435.875932,1000,13913.199841
1487.201966,1000,13932.240559
3102.69477,1000,13934.859513
2694.233044,1000,13953.402478
3405.415745,1000,13956.002259
3474.34473,1000,13974.443516
3767.769762,1000,13977.081596
971.502104,1000,14018.485736
987.841059,1000,14021.122828
2202.25542,1000,14039.709498
3163.454539,1000,14042.231466
2263.309427,1000,14060.862249
2261.266521,1000,14063.413331
1182.897079,1000,14081.94154
3368.936752,1000,14084.581069
1600.220425,1000,14103.203061
3476.002791,1000,14105.80782
1947.605804,1000,14124.003804
3349.442218,1000,14126.602559
2158.08727,1000,14144.981892
2279.683172,1000,14149.257996
808.192389,1000,14167.641629
2288.320715,1000,14170.274332
1881.577879,1000,14188.861024
3905.160491,1000,14191.375107
1477.652797,1000,14210.1328
3787.533994,1000,14212.640886
3261.350179,1000,14215.188769
3498.929833,1000,14233.650553
1133.223337,1000,14236.237056
3360.637087,1000,14254.461687
2662.222841,1000,14256.979358
2226.919992,1000,14298.844442
3880.806664,1000,14301.374706
2084.737871,1000,14319.49915
3722.774942,1000,14322.101519
3060.634111,1000,14340.353579
2241.769631,1000,14342.913481
4027.646484,1000,14361.116738
1367.781771,1000,14363.72227
806.438865,1000,14382.443542
2705.60373,1000,14384.972189
2281.882953,1000,14403.290789
2722.391687,1000,14405.874776
2909.541664,1000,14424.563428
3341.218264,1000,14428.771158
1447.242144,1000,14447.286439
1054.145006,1000,14449.834907
3963.032351,1000,14468.832217
3350.522978,1000,14471.401409
2621.543518,1000,14490.639918
3181.797428,1000,14493.175445
3353.942748,1000,14512.359945
3717.128643,1000,14514.93214
3964.901038,1000,14533.942312
3402.940131,1000,14536.510703
1531.820427,1000,14555.206533
2542.193485,1000,14580.80747
1118.421425,1000,14599.811689
1186.120915,1000,14602.370371
2839.272568,1000,14621.163103
2598.00264,1000,14623.694345
2726.416163,1000,14642.178721
3363.804448,1000,14644.694021
3254.547732,1000,14663.198728
1581.140079,1000,14665.787229
2413.675782,1000,14684.549256
3978.586873,1000,14687.067253
2709.212424,1000,14689.627687
3782.05328,1000,14708.150364
2091.817006,1000,14712.366764
3700.728343,1000,14731.49378
2595.888898,1000,14734.069225
3482.409238,1000,14752.227529
4031.445466,1000,14754.764612
3307.099823,1000,14773.347063
2182.920454,1000,14775.888786
1723.562178,1000,14794.819658
2586.855202,1000,14797.373893
2069.942142,1000,14815.815728
3187.266647,1000,14818.323224
546.928355,206,14818.837162
3827.891882,1000,14837.267581
2528.036795,1000,14863.00838
1235.713613,1000,14881.49806
457.053832,155,14881.899779
1067.772906,1000,14884.510121
3479.583077,1000,14902.79971
3130.238801,1000,14905.347722
2419.441017,1000,14923.781961
3851.659345,989,14926.302361
1998.392593,928,14944.498905
3371.697999,1000,14947.097717
2795.453594,1000,14965.413497
2150.594674,1000,14967.977638
3508.903756,1000,14987.435906
2511.306919,1000,14991.677038
158.7772,61,14991.829919
1441.009694,754,15010.502874
1663.38113,1000,15013.082036
3381.551891,1000,15032.386953
3952.776349,1000,15034.947716
2050.296461,1000,15054.740806
3278.763339,1000,15057.339904
3836.287949,1000,15076.627322
2226.559565,1000,15079.173035
2040.964355,1000,15098.57672
3090.860009,1000,15101.09208
1985.91154,1000,15119.6744
2654.360364,1000,15122.205801
2901.029646,1000,15164.933906
3384.828358,1000,15167.43495
1810.005075,1000,15186.05329
1271.313464,1000,15188.643757
2846.981282,1000,15207.398447
2592.884712,1000,15209.936087
3418.202015,1000,15228.516515
1011.470226,1000,15231.110588
3329.178182,1000,15233.630011
2166.944597,1000,15252.334147
3190.431204,1000,15254.854857
3271.229261,1000,15273.307371
2451.510947,1000,15275.86718
3875.98107,1000,15296.370008
1681.383804,1000,15298.918855
3028.63584,1000,15317.641914
3392.967775,1000,15320.147202
2778.944491,1000,15338.61478
3082.181949,1000,15341.194071
1639.268161,1000,15359.72415
1280.398035,1000,15362.288386
3403.833135,1000,15380.894109
3362.714607,1000,15383.410177
2650.304538,1000,15402.216675
2117.548149,1000,15404.789845
1148.153246,1000,15446.850299
1520.106743,1000,15449.485539
2693.698843,1000,15468.167111
1883.270897,1000,15470.721491
1950.580854,1000,15489.440311
3867.895243,1000,15491.97567
1982.543525,1000,15510.668443
3206.057927,1000,15513.190151
3575.837503,1000,15531.650267
1761.591456,1000,15534.210449
2601.693661,933,15552.552449
1521.799258,1000,15555.157641
1362.988392,1000,15573.778396
3918.683583,1000,15578.054326
1670.136393,1000,15596.710705
1519.208651,1000,15599.304162
2784.313465,1000,15617.856907
3998.189316,1000,15620.371555
3875.006172,1000,15639.077518
3011.695373,1000,15641.630612
2845.263308,1000,15660.309968
3433.150616,1000,15662.85973
3692.341571,1000,15681.448671
2668.863248,1000,15684.033718
204.633318,134,15684.37061
3403.322148,1000,15703.088665
2909.925325,1000,15729.348443
2941.938119,1000,15748.005613
769.590085,1000,15750.616916
1832.884575,1000,15753.160536
3701.531511,1000,15772.023829
1239.439672,1000,15774.73881
3776.441764,1000,15793.382357
3467.693405,1000,15795.915127
1951.787942,1000,15814.51282
2742.95178,961,15816.97791
2349.78813,1000,15835.479473
3091.400829,1000,15838.083483
2564.496879,1000,15856.822474
2295.079546,1000,15861.030596
1607.03117,1000,15879.98876
952.169775,1000,15882.649937
1888.40124,1000,15901.211382
2750.301431,1000,15903.836429
325.893015,188,15904.335734
1631.921357,1000,15922.933407
2634.044158,1000,15925.497774
1307.482929,1000,15944.212486
3152.80837,1000,15946.793016
3131.972821,1000,15965.329544
2549.295644,1000,15967.883416
3589.248552,1000,15986.404677
720.238802,1000,16012.592582
3379.58803,1000,16031.232164
3381.62406,1000,16033.867644
3753.537819,1000,16052.374439
3614.380086,1000,16054.964579
1576.583579,473,16056.155407
1881.085957,1000,16074.869105
3922.871166,1000,16077.438929
275.203354,94,16093.828167
2249.427677,1000,16096.377451
2656.901001,1000,16098.950658
1597.050183,1000,16117.764512
1767.18728,1000,16120.38204
3415.962069,1000,16139.046028
1980.487362,803,16142.767508
2491.66221,1000,16161.500928
3641.764153,1000,16164.1102
1459.439935,1000,16182.746238
1953.494647,1000,16185.312248
2723.514478,1000,16204.007115
2414.432871,1000,16206.53407
1533.456808,1000,16225.18856
1876.939503,1000,16227.766151
2093.102092,854,16246.191913
3242.08246,1000,16248.722384
3207.579266,1000,16267.378386
3294.105925,1000,16269.897881
959.513782,1000,16312.289485
2067.32522,1000,16314.832103
3508.861649,1000,16333.503935
1982.659234,1000,16336.158607
2858.229559,1000,16354.905194
2718.411149,1000,16357.574417
3248.64683,1000,16376.373544
2591.037752,1000,16378.935826
921.065195,1000,16397.77167
1966.675808,794,16399.780036
2217.672192,1000,16402.329946
2085.300875,1000,16421.040155
1250.756391,1000,16425.36995
2121.565158,1000,16444.235652
3469.755217,1000,16446.801382
2865.695208,880,16465.241151
3723.488178,1000,16467.752686
882.593343,1000,16486.553873
1558.166861,1000,16489.126344
2059.916476,1000,16507.927531
3285.162193,1000,16510.439869
1805.520825,1000,16529.056635
2788.968023,1000,16531.627513
1595.562403,1000,16550.356535
3487.856575,1000,16552.91742
3149.460727,1000,16595.404218
3612.61099,1000,16597.927317
881.313868,1000,16616.779727
2011.42736,1000,16619.296377
715.778342,442,16620.421239
1870.654081,1000,16638.778031
2874.152431,1000,16641.304317
1640.966516,836,16659.555894
1481.293015,1000,16662.109721
3352.318918,1000,16680.980392
3040.57416,1000,16683.493536
2016.144446,1000,16702.423638
3503.064861,1000,16704.954275
2735.909269,1000,16725.256721
3257.142207,1000,16727.826358
1762.237066,894,16746.713245
1047.734418,1000,16749.285682
1925.663722,1000,16768.368459
2495.024786,1000,16770.886516
3447.180579,1000,16789.753079
2291.842692,1000,16792.351138
2092.589911,1000,16811.094832
3485.2315,1000,16813.603646
1970.436244,1000,16832.696948
2844.151662,1000,16835.322771
756.994523,1000,16837.923828
1586.13537,1000,16880.247575
2721.312047,1000,16882.774978
3270.508991,1000,16901.854766
2910.591654,1000,16904.365603
3646.276216,1000,16923.015982
3160.988579,1000,16925.562747
2904.708723,1000,16944.03492
3347.205633,1000,16946.599897
3191.833395,1000,16965.066644
931.504452,1000,16967.699339
3269.249046,1000,16986.324624
2191.752205,1000,16988.916384
2185.094767,1000,17009.091989
1928.598669,1000,17011.633871
1936.33979,1000,17030.052839
3217.359817,1000,17032.583611
3811.104786,1000,17051.177474
1998.026453,1000,17053.718832
2914.811657,1000,17072.163409
1473.690591,1000,17074.742452
2096.537444,1000,17093.229871
3068.973107,1000,17095.776328
2707.760556,1000,17113.963687
2771.782849,1000,17116.530985
3246.306651,1000,17135.07219
985.95604,1000,17163.066065
3107.742783,1000,17181.273123
2720.609934,1000,17183.822695
3336.081162,1000,17202.143497
1204.203018,1000,17204.695142
1781.738157,1000,17223.663171
3821.1854,1000,17226.21669
3463.874932,1000,17245.225921
2253.831548,1000,17247.742315
2546.609894,1000,17266.224622
1977.739896,1000,17268.785555
3770.064739,1000,17287.660621
2179.488698,1000,17291.926226
1303.199545,1000,17310.864242
3403.776409,1000,17313.385005
3232.587163,1000,17315.969197
1365.696796,1000,17335.089971
2987.145959,1000,17337.6198
3628.75084,1000,17356.610772
2130.928663,1000,17359.129405
2268.636633,1000,17378.183763
1359.912036,1000,17380.778511
908.051382,707,17399.03397
2830.24035,1000,17401.586411
3753.667343,1000,17420.588789
3142.98524,1000,17446.751109
627.655534,1000,17465.973827
1925.337309,1000,17468.467822
1119.029967,1000,17487.49897
1873.66072,1000,17489.991906
3340.387582,1000,17508.556268
3276.442858,1000,17511.12096
1224.971577,1000,17529.378069
2956.562097,1000,17531.89255
2773.537288,1000,17550.586596
2372.964279,1000,17553.087513
1716.747541,1000,17571.875262
3695.947585,1000,17574.457391
3451.648726,1000,17595.230509
1748.230229,1000,17597.738461
2102.685167,1000,17616.318553
2837.094867,1000,17618.897498
4067.821473,1000,17637.751302
1891.800478,1000,17640.279568
2813.16645,1000,17659.118875
2754.337108,1000,17661.638927
1222.908711,1000,17664.227015
1634.647011,1000,17683.292581
1710.610197,825,17685.371377
3925.553728,1000,17837.680008
1763.084458,1000,17864.514238
3526.473015,1000,17883.608564
1844.781824,1000,17886.143103
3405.937807,1000,17904.872175
3094.420051,1000,17907.368118
2246.28446,1000,17925.56083
1520.683532,1000,17928.124044
3836.036071,1000,17946.399866
3868.323835,1000,17948.932408
1999.38053,1000,17968.100201
3024.085833,1000,17970.647787
2491.466081,1000,17989.61311
3345.564013,1000,17992.149812
3759.750221,1000,18012.208239
2128.837664,1000,18014.728146
2832.617403,1000,18033.237405
1934.81038,1000,18035.749654
3130.151237,1000,18054.469741
2941.257332,1000,18057.014102
3423.589856,1000,18075.741403
2322.173283,1000,18078.303576
3075.132788,1000,18097.342566
3215.728873,1000,18099.875164
3424.478502,1000,18118.333592
3245.001916,1000,18120.877758
3453.252401,1000,18162.7082
1490.832525,1000,18165.270323
2870.374686,1000,18184.13131
1733.205467,1000,18186.643806
3765.696413,1000,18205.028913
1406.918256,1000,18207.595138
2792.976273,1000,18210.092296
3037.89989,1000,18228.884604
1883.363743,1000,18231.387321
1586.141397,544,18249.093258
896.858849,1000,18251.708694
2765.283027,1000,18270.676095
2805.312091,1000,18273.218969
1667.170617,1000,18293.696702
2042.203794,1000,18296.254336
1855.289655,1000,18315.641304
1928.935334,1000,18318.509927
4113.262331,1000,18337.481965
3010.193806,1000,18340.005726
3011.02923,1000,18358.905591
1983.177107,963,18361.350605
3724.754738,1000,18380.087281
1878.590272,1000,18382.676519
1389.902906,1000,18401.627097
1954.224623,1000,18404.196935
2750.282996,1000,18423.00862
2072.306642,1000,18450.178908
3172.229235,1000,18469.038335
3842.145556,1000,18471.589266
1971.921983,1000,18474.155517
1835.98863,1000,18493.397797
2736.704841,1000,18495.912991
1364.282746,1000,18514.704375
2513.996694,1000,18517.245626
3332.73577,1000,18535.971101
1075.396507,1000,18538.571584
1132.812107,1000,18557.355083
3437.364891,1000,18559.907376
2946.463659,1000,18580.83601
1992.08027,1000,18583.406207
2759.150526,1000,18602.221149
2036.884748,1000,18604.734293
2988.336754,1000,18623.268261
2030.38734,1000,18625.772601
2046.449226,1000,18644.402708
1923.453186,1000,18647.003934
1544.262483,1000,18665.68002
914.219528,1000,18668.260136
3130.939801,1000,18687.003828
2728.348481,1000,18689.499119
2029.299301,1000,18708.402878
3369.606125,1000,18735.460124
2262.09898,1000,18754.620114
3188.573369,1000,18757.145267
3798.406296,1000,18775.696608
3744.377856,1000,18778.207887
2766.857946,1000,18796.332863
2029.973121,1000,18798.866939
2713.503936,1000,18817.225513
2102.206141,1000,18819.789555
1661.431853,1000,18838.186043
3818.633144,1000,18840.807806
2452.048658,1000,18859.667563
3851.901941,1000,18863.853601
1857.499158,1000,18882.503217
1996.369445,1000,18885.037679
3315.335065,1000,18903.593125
3492.346491,1000,18906.137032
1881.985405,1000,18924.60647
2988.363119,1000,18927.209793
2445.410327,1000,18945.753607
2303.044804,1000,18948.319166
3569.067801,1000,18950.897944
3149.283002,1000,18969.538173
3865.674045,1000,18972.112395
2200.022638,1000,18990.608288
2879.768427,1000,19016.65606
3597.44053,1000,19035.76796
1697.463365,1000,19038.319285
3801.535947,1000,19057.136646
2346.404087,1000,19059.681026
3385.601482,1000,19078.568471
2190.636196,1000,19081.148131
3217.149201,1000,19099.901897
3604.151766,1000,19102.444896
1499.953233,1000,19121.556676
3450.858727,1000,19124.086128
2394.847604,1000,19142.726415
3089.164036,1000,19147.056265
2958.956036,1000,19165.86696
1149.892427,603,19167.472157
2003.848717,1000,19186.248192
1685.183418,1000,19188.863128
3370.866104,1000,19207.714288
2991.348084,1000,19210.247138
2836.744524,1000,19228.806877
2007.081575,1000,19231.356672
2199.563248,1000,19233.946243
3441.160165,1000,19252.448152
3726.374703,1000,19255.022391
2205.761261,1000,19273.541806
3692.308668,1000,19299.782109
2765.859459,1000,19318.431674
3242.370168,1000,19321.095804
1765.527288,1000,19340.029164
682.264252,1000,19342.607334
2604.672202,1000,19361.394231
1888.659936,1000,19363.954339
2025.87098,1000,19382.76453
3519.881442,1000,19385.325745
2685.984021,1000,19403.901345
1655.248411,1000,19406.464
3168.376603,1000,19425.068192
3344.738413,1000,19427.589396
2098.003974,1000,19448.168698
2300.502964,1000,19450.775433
3986.512896,1000,19469.695385
3393.960997,1000,19472.25022
2421.897404,1000,19491.167442
2322.614783,1000,19493.735563
3336.092567,1000,19512.618405
3463.981961,1000,19515.207987
2215.661105,1000,19534.119066
4129.367664,1000,19536.662688
935.3704,1000,19555.61149
2584.811285,1000,19558.210464
2025.604426,1000,19602.25883
1384.69027,759,19604.192757
3035.299324,1000,19622.779888
769.631048,427,19623.886101
1520.983079,1000,19626.495904
1298.55275,1000,19645.238714
1100.428436,1000,19647.839459
3908.216766,1000,19666.494469
792.060791,1000,19669.12887
1708.732558,1000,19688.161096
3992.201425,1000,19690.724702
1251.706544,1000,19709.805115
2316.396273,990,19712.382375
2840.703385,1000,19733.202869
2902.356141,1000,19735.846395
3245.118127,1000,19754.649606
1968.355643,1000,19757.273959
2069.404974,1000,19776.126092
2864.032683,1000,19778.655857
2847.238114,1000,19797.423337
3428.686736,1000,19799.97578
1194.577272,1000,19818.94326
4057.118385,1000,19821.462401
28.345734,20,19821.513698
1726.448735,1000,19824.042781
1919.006784,1000,19842.865924
803.331546,1000,19845.462319
1544.088603,1000,19887.02833
2687.34111,1000,19889.635041
1522.798425,1000,19908.559285
3437.427627,1000,19911.173978
3293.768203,1000,19929.990611
4149.599816,1000,19932.61456
1954.552098,1000,19951.490454
4077.661483,1000,19954.024657
3344.613526,1000,19972.659457
2832.141464,1000,19975.211713
2014.926429,1000,19994.116734
3520.299178,1000,19996.619731
1680.527035,1000,20017.319925
2554.110846,1000,20019.832867
1504.674037,1000,20038.763018
2005.519543,1000,20041.326539
2028.287149,1000,20059.940929
2756.947613,1000,20062.44973
3653.98523,1000,20081.086427
2652.866597,1000,20083.614563
1649.858641,1000,20102.548862
2949.133626,1000,20105.120173
3273.166999,1000,20123.635778
3213.685385,1000,20126.156481
3260.977894,1000,20144.749988
1923.082078,1000,20171.3908
3342.746688,1000,20190.49695
2735.89387,1000,20193.009248
2806.995378,1000,20211.703724
3307.259816,1000,20214.248244
3515.689591,1000,20232.90462
2142.924089,1000,20235.461897
1873.676049,1000,20254.255445
3395.93811,1000,20256.768653
2846.80849,1000,20275.349065
1762.316443,1000,20277.85872
2442.729965,1000,20296.471195
3360.66326,1000,20300.696777
2181.608827,1000,20319.363246
3493.783534,1000,20321.896122
3801.242982,1000,20324.3943
3325.006675,1000,20343.31987
2466.358456,1000,20345.857398
3314.516495,1000,20364.585999
1311.254199,1000,20367.244619
1855.30663,1000,20385.870829
2289.62687,1000,20388.41916
1916.373589,1000,20406.893814
3385.906432,1000,20409.407135
1644.218376,1000,20428.020545
1668.437631,1000,20453.900914
1967.028638,1000,20472.578181
2819.199257,1000,20475.127361
336.66429,125,20475.450779
2872.436726,1000,20494.370597
3602.128455,1000,20496.880692
3393.373737,1000,20515.240984
3529.075319,1000,20517.818311
3556.803406,1000,20536.588622
1701.659912,1000,20539.11113
2692.836453,1000,20558.030408
2960.32787,1000,20560.552755
1705.85477,1000,20579.296781
2388.504249,1000,20583.575959
930.504143,1000,20602.46278
3172.7157,1000,20605.061885
3909.448351,1000,20623.709861
2069.32915,1000,20626.236329
3572.162899,1000,20645.202673
2244.954504,1000,20647.736402
3689.438567,1000,20666.433966
3089.29656,1000,20668.946459
2295.502865,1000,20687.769196
1436.861125,1000,20690.358882
1851.380135,1000,20709.319912
3528.343852,1000,20711.863036
2593.22028,1000,20754.185862
3359.270995,1000,20756.731765
1969.966304,1000,20775.43962
2775.456861,1000,20777.948154
2008.876434,1000,20796.453045
2103.000329,1000,20798.990915
3384.447257,1000,20817.653814
1410.509088,1000,20820.176358
3401.236139,1000,20838.819965
2551.99947,1000,20841.317803
1775.139143,1000,20859.823464
3777.320516,1000,20862.345547
3427.573732,1000,20882.544029
2445.611029,1000,20885.092494
1876.840049,1000,20887.620095
3991.775162,1000,20906.3622
3770.565706,1000,20908.89326
1473.152568,1000,20927.827827
3429.307736,1000,20930.397155
3316.611469,1000,20949.42518
3417.75001,1000,20951.954993
2031.494676,1000,20971.087576
3421.209064,1000,20973.624819
3877.570286,1000,20992.998026
3513.747492,1000,20995.568477
3256.830623,1000,21037.299161
1946.00002,1000,21039.829121
4032.916938,1000,21058.831446
1104.306235,1000,21061.401434
1823.080363,1000,21080.043094
1973.796259,1000,21082.604235
1845.664558,1000,21101.622153
783.919411,274,21102.333793
3508.156928,1000,21104.896631
2086.549456,877,21123.350119
4230.890459,1000,21125.910787
2084.410742,1000,21144.655387
3349.188417,1000,21147.213514
1470.945282,1000,21167.659448
1826.292638,1000,21170.199886
1321.788037,1000,21189.099376
2201.917582,1000,21191.61842
4036.320406,1000,21210.21439
3424.4376,1000,21212.734129
3375.894007,1000,21231.263823
122.217162,74,21231.450056
3328.383732,1000,21233.982293
2050.904136,1000,21252.192515
